Emp ID,Office InTime,Office OutTime,Area,Area Lat,Area Long
1,13:00:00,22:00:00,CHANDIVALI,19.1074911,72.9017603
2,13:00:00,22:00:00,ANDHERI (E),19.1154908,72.8726952
3,13:00:00,22:00:00,BANDRA (E),19.060516,72.850432
4,13:00:00,22:00:00,BANDRA (E),19.060516,72.850432
6,13:00:00,22:00:00,DAHISAR (E),19.2539332,72.8672448
8,13:00:00,22:00:00,MIRA ROAD,19.2871393,72.8688419
9,13:00:00,22:00:00,PRABHADEVI,19.0158466,72.8279973
10,13:00:00,22:00:00,KURLA (W),19.0707532,72.8781322
11,13:00:00,22:00:00,POWAI,19.1196773,72.9050809
12,13:00:00,22:00:00,VASAI (E),19.3942114,72.8633635
13,13:00:00,22:00:00,GOREGAON (E),19.1551485,72.8678551
14,13:00:00,22:00:00,MIRA ROAD,19.2871393,72.8688419
15,13:00:00,22:00:00,MAHIM (W),19.032012,72.8401043
17,13:00:00,22:00:00,ANDHERI (E),19.1154908,72.8726952
18,13:00:00,22:00:00,KANDIVALI (W),19.1998211,72.842594
19,13:00:00,22:00:00,ANDHERI (W),19.1363246,72.82766
20,13:00:00,22:00:00,THANE (W),19.2444738,72.9814877
21,13:00:00,22:00:00,GHATKOPAR (W),19.0908063,72.9076669
22,13:00:00,22:00:00,GHATKOPAR (W),19.0908063,72.9076669
23,13:00:00,22:00:00,ANDHERI (E),19.1154908,72.8726952
24,13:00:00,22:00:00,POWAI,19.1196773,72.9050809
25,13:00:00,22:00:00,BORIVALI (W),19.2461644,72.8509056
26,13:00:00,22:00:00,ANDHERI (E),19.1154908,72.8726952
27,13:00:00,22:00:00,KOPARKHAIRANE,19.1616388,72.9964269
28,13:00:00,22:00:00,MALAD (E),19.1808735,72.8574558
30,13:00:00,22:00:00,KALWA,19.1943854,72.9992013
31,13:00:00,22:00:00,THANE (W),19.2444738,72.9814877
32,13:00:00,22:00:00,BHANDUP (E),19.1465032,72.9459841
33,13:00:00,22:00:00,SANTACRUZ (E),19.07937,72.8562596
34,13:00:00,22:00:00,THANE (W),19.2444738,72.9814877
35,13:00:00,22:00:00,MIRA ROAD,19.2871393,72.8688419
36,13:00:00,22:00:00,MIRA ROAD,19.2871393,72.8688419
37,13:00:00,22:00:00,DAHISAR (E),19.2539332,72.8672448
38,13:00:00,22:00:00,MIRA ROAD,19.2871393,72.8688419
39,13:00:00,22:00:00,ANDHERI (E),19.1154908,72.8726952
40,13:00:00,22:00:00,NOORBAUG,18.962598,72.83767
41,13:00:00,22:00:00,MALAD (W),19.1827551,72.8401539
43,13:00:00,22:00:00,BORIVALI (W),19.2461644,72.8509056
44,13:00:00,22:00:00,KANDIVALI (W),19.1998211,72.842594
45,13:00:00,22:00:00,VASAI (E),19.3942114,72.8633635
46,13:00:00,22:00:00,THANE (W),19.2444738,72.9814877
47,13:00:00,22:00:00,AIROLI,19.157935,72.9934762
48,13:00:00,22:00:00,SANTACRUZ (E),19.07937,72.8562596
49,13:00:00,22:00:00,KOPARKHAIRANE,19.1616388,72.9964269
50,13:00:00,22:00:00,KOPARKHAIRANE,19.1616388,72.9964269
52,13:00:00,22:00:00,THANE (W),19.2444738,72.9814877
53,13:00:00,22:00:00,ANDHERI (E),19.1154908,72.8726952
54,13:00:00,22:00:00,KANDIVALI (W),19.1998211,72.842594
56,13:00:00,22:00:00,VASAI (W),19.3666371,72.8160976
59,13:00:00,22:00:00,THANE (W),19.2444738,72.9814877
60,13:00:00,22:00:00,PRABHADEVI,19.0158466,72.8279973
61,13:00:00,22:00:00,BORIVALI (W),19.2461644,72.8509056
62,13:00:00,22:00:00,DAHISAR (E),19.2539332,72.8672448
63,13:00:00,22:00:00,MIRA ROAD,19.2871393,72.8688419
64,13:00:00,22:00:00,BHAYANDAR (E),19.3056009,72.8593755
65,13:00:00,22:00:00,GOREGAON (W),19.1629338,72.839241
66,13:00:00,22:00:00,KURLA (W),19.0707532,72.8781322
67,13:00:00,22:00:00,KANDIVALI (E),19.20212,72.856186
68,13:00:00,22:00:00,GHATKOPAR (W),19.0908063,72.9076669
69,13:00:00,22:00:00,KALWA,19.1943854,72.9992013
70,13:00:00,22:00:00,AIROLI,19.157935,72.9934762
71,13:00:00,22:00:00,GHANSOLI,19.1253629,72.9992013
72,13:00:00,22:00:00,CHEMBUR,19.0327996,72.8963568
73,13:00:00,22:00:00,KOPARKHAIRANE,19.1616388,72.9964269
74,13:00:00,22:00:00,GRANT ROAD,18.9623513,72.8183134
75,13:00:00,22:00:00,KURLA (W),19.0707532,72.8781322
76,13:00:00,22:00:00,JOGESHWARI (E),19.136976,72.854292
77,13:00:00,22:00:00,NERUL (W),19.0355766,73.0228173
78,13:00:00,22:00:00,GHANSOLI STATION,19.1253629,72.9992013
79,13:00:00,22:00:00,VASHI,19.0770644,72.9989925
81,13:00:00,22:00:00,ANDHERI (E),19.1154908,72.8726952
83,13:00:00,22:00:00,MIRA ROAD,19.2871393,72.8688419
84,13:00:00,22:00:00,SANTACRUZ (E),19.07937,72.8562596
86,13:00:00,22:00:00,KANDIVALI (E),19.20212,72.856186
87,13:00:00,22:00:00,BORIVALI (W),19.2461644,72.8509056
88,13:00:00,22:00:00,BHAYANDAR (E),19.3056009,72.8593755
90,13:00:00,22:00:00,SANTACRUZ (E),19.07937,72.8562596
91,13:00:00,22:00:00,KOPARKHAIRANE,19.1616388,72.9964269
92,13:00:00,22:00:00,ANDHERI (W),19.1363246,72.82766
94,13:00:00,22:00:00,CHEMBUR,19.0327996,72.8963568
96,13:00:00,22:00:00,MALAD (E),19.1808735,72.8574558
97,13:00:00,22:00:00,CHANDIVALI,19.1074911,72.9017603
99,13:00:00,22:00:00,KOPARKHAIRANE,19.1616388,72.9964269
100,13:00:00,22:00:00,VASAI (E),19.3942114,72.8633635
101,13:00:00,22:00:00,VASAI (W),19.3666371,72.8160976
102,13:00:00,22:00:00,VASAI (E),19.3942114,72.8633635
103,13:00:00,22:00:00,KOPARKHAIRANE,19.1616388,72.9964269
104,13:00:00,22:00:00,GHANSOLI,19.1253629,72.9992013
105,13:00:00,22:00:00,GHANSOLI,19.1253629,72.9992013
106,13:00:00,22:00:00,ANDHERI (E),19.1154908,72.8726952
107,13:00:00,22:00:00,BHAYANDAR (E),19.3056009,72.8593755
109,13:00:00,22:00:00,THANE (W),19.2444738,72.9814877
110,13:00:00,22:00:00,THANE (W),19.2444738,72.9814877
111,13:00:00,22:00:00,SANTACRUZ (E),19.07937,72.8562596
112,13:00:00,22:00:00,SAKINAKA,19.0948958,72.8865248
113,13:00:00,22:00:00,AIROLI,19.157935,72.9934762
114,13:00:00,22:00:00,KOPARKHAIRANE,19.1616388,72.9964269
115,13:00:00,22:00:00,GHATKOPAR (W),19.0908063,72.9076669
116,13:00:00,22:00:00,DADAR (E),19.0099129,72.8426858
117,13:00:00,22:00:00,VASAI (W),19.3666371,72.8160976
118,13:00:00,22:00:00,KANDIVALI (W),19.1998211,72.842594
119,13:00:00,22:00:00,BHANDUP (W),19.1509879,72.9315251
120,13:00:00,22:00:00,GHANSOLI STATION,19.1253629,72.9992013
121,13:00:00,22:00:00,GOREGAON (W),19.1629338,72.839241
122,13:00:00,22:00:00,THANE (W),19.2444738,72.9814877
123,13:00:00,22:00:00,KANDIVALI (W),19.1998211,72.842594
126,13:00:00,22:00:00,KURLA (W),19.0707532,72.8781322
128,13:00:00,22:00:00,SEAWOODS,19.0094224,73.0198654
129,13:00:00,22:00:00,KOPARKHAIRANE,19.1616388,72.9964269
130,13:00:00,22:00:00,POWAI,19.1196773,72.9050809
131,13:00:00,22:00:00,BHAYANDAR (E),19.3056009,72.8593755
132,13:00:00,22:00:00,VIKHROLI (E),19.091182,72.9208636
133,13:00:00,22:00:00,GOREGAON (E),19.1551485,72.8678551
134,13:00:00,22:00:00,KOPARKHAIRANE,19.1616388,72.9964269
137,13:00:00,22:00:00,BHANDUP (W),19.1509879,72.9315251
138,13:00:00,22:00:00,AIROLI,19.157935,72.9934762
139,13:00:00,22:00:00,THANE (W),19.2444738,72.9814877
140,13:00:00,22:00:00,GOREGAON (E),19.1551485,72.8678551
141,13:00:00,22:00:00,POWAI,19.1196773,72.9050809
142,13:00:00,22:00:00,GHANSOLI,19.1253629,72.9992013
143,13:00:00,22:00:00,ANDHERI (E),19.1154908,72.8726952
144,13:00:00,22:00:00,BHANDUP (W),19.1509879,72.9315251
145,13:00:00,22:00:00,MIRA ROAD,19.2871393,72.8688419
146,13:00:00,22:00:00,KOPARKHAIRANE,19.1616388,72.9964269
147,13:00:00,22:00:00,KOPARKHAIRANE,19.1616388,72.9964269
149,13:00:00,22:00:00,BHANDUP (W),19.1509879,72.9315251
150,13:00:00,22:00:00,MULUND (W),19.1725542,72.942537
152,13:00:00,22:00:00,MIRA ROAD,19.2871393,72.8688419
153,13:00:00,22:00:00,DADAR (E),19.0099129,72.8426858
154,13:00:00,22:00:00,GOREGAON (E),19.1551485,72.8678551
155,13:00:00,22:00:00,GHANSOLI,19.1253629,72.9992013
158,13:00:00,22:00:00,ANDHERI (E),19.1154908,72.8726952
159,13:00:00,22:00:00,VASAI (W),19.3666371,72.8160976
162,13:00:00,22:00:00,CHEMBUR,19.0327996,72.8963568
163,13:00:00,22:00:00,BORIVALI (E),19.2240612,72.8666469
164,13:00:00,22:00:00,VILE PARLE (E),19.0963781,72.8563994
165,13:00:00,22:00:00,AGRIPADA,18.97643,72.82734
167,13:00:00,22:00:00,MULUND (E),19.1565109,72.9637728
168,13:00:00,22:00:00,MAROL,19.107807,72.879824
169,13:00:00,22:00:00,GOREGAON (E),19.1551485,72.8678551
170,13:00:00,22:00:00,THANE (W),19.2444738,72.9814877
171,13:00:00,22:00:00,ANDHERI (E),19.1154908,72.8726952
172,13:00:00,22:00:00,AIROLI,19.157935,72.9934762
173,13:00:00,22:00:00,KANDIVALI (W),19.1998211,72.842594
175,13:00:00,22:00:00,BORIVALI (E),19.2240612,72.8666469
176,13:00:00,22:00:00,GHANSOLI,19.1253629,72.9992013
177,13:00:00,22:00:00,GHANSOLI,19.1253629,72.9992013
178,13:00:00,22:00:00,KOPARKHAIRANE,19.1616388,72.9964269
179,13:00:00,22:00:00,MALAD (E),19.1808735,72.8574558
181,13:00:00,22:00:00,DONGRI,18.9597509,72.837815
182,13:00:00,22:00:00,ANDHERI (W),19.1363246,72.82766
183,13:00:00,22:00:00,NAIGAON (E),19.0109822,72.8463784
184,13:00:00,22:00:00,THANE (W),19.2444738,72.9814877
185,13:00:00,22:00:00,ANDHERI (W),19.1363246,72.82766
187,13:00:00,22:00:00,VIKHROLI (E),19.091182,72.9208636
188,13:00:00,22:00:00,MIRA ROAD,19.2871393,72.8688419
189,13:00:00,22:00:00,THANE (W),19.2444738,72.9814877
191,13:00:00,22:00:00,VASAI (E),19.3942114,72.8633635
192,13:00:00,22:00:00,MALAD (W),19.1827551,72.8401539
193,13:00:00,22:00:00,VASAI (W),19.3666371,72.8160976
194,13:00:00,22:00:00,CHEMBUR,19.0327996,72.8963568
195,13:00:00,22:00:00,KURLA (W),19.0707532,72.8781322
196,13:00:00,22:00:00,THANE (E),19.1780429,72.9785353
197,13:00:00,22:00:00,BORIVALI (E),19.2240612,72.8666469
198,13:00:00,22:00:00,GOREGAON (E),19.1551485,72.8678551
199,13:00:00,22:00:00,NERUL (W),19.0355766,73.0228173
200,13:00:00,22:00:00,KURLA (W),19.0707532,72.8781322
201,13:00:00,22:00:00,SANPADA,19.0330488,73.0296625
202,13:00:00,22:00:00,AIROLI,19.157935,72.9934762
203,13:00:00,22:00:00,VASAI (W),19.3666371,72.8160976
205,13:00:00,22:00:00,BYCULLA (E),18.9821993,72.8382547
207,13:00:00,22:00:00,KOPARKHAIRANE,19.1616388,72.9964269
208,13:00:00,22:00:00,VASAI (E),19.3942114,72.8633635
210,13:00:00,22:00:00,THANE (W),19.2444738,72.9814877
211,13:00:00,22:00:00,SEWREE,18.9985832,72.8547291
213,13:00:00,22:00:00,NERUL (E),19.0355766,73.0228173
214,13:00:00,22:00:00,CHANDIVALI,19.1074911,72.9017603
215,13:00:00,22:00:00,VASAI (W),19.3666371,72.8160976
216,13:00:00,22:00:00,BHULESHWAR,18.9562462,72.8295542
217,13:00:00,22:00:00,KOPARKHAIRANE,19.1616388,72.9964269
218,13:00:00,22:00:00,GOREGAON (E),19.1551485,72.8678551
219,13:00:00,22:00:00,ANDHERI (E),19.1154908,72.8726952
220,13:00:00,22:00:00,ANDHERI (E),19.1154908,72.8726952
221,13:00:00,22:00:00,KANDIVALI (W),19.1998211,72.842594
222,13:00:00,22:00:00,BORIVALI (W),19.2461644,72.8509056
223,13:00:00,22:00:00,KURLA (E),19.0620527,72.8834355
225,13:00:00,22:00:00,BORIVALI (E),19.2240612,72.8666469
227,13:00:00,22:00:00,VIKHROLI (E),19.091182,72.9208636
228,13:00:00,22:00:00,NERUL (W),19.0355766,73.0228173
229,13:00:00,22:00:00,VILE PARLE (E),19.0963781,72.8563994
230,13:00:00,22:00:00,KANDIVALI (E),19.20212,72.856186
231,13:00:00,22:00:00,THANE (W),19.2444738,72.9814877
232,13:00:00,22:00:00,BORIVALI (W),19.2461644,72.8509056
233,13:00:00,22:00:00,MIRA ROAD,19.2871393,72.8688419
234,13:00:00,22:00:00,KOPARKHAIRANE,19.1616388,72.9964269
235,13:00:00,22:00:00,KALWA,19.1943854,72.9992013
236,13:00:00,22:00:00,THANE (W),19.2444738,72.9814877
237,13:00:00,22:00:00,DAHISAR (E),19.2539332,72.8672448
238,13:00:00,22:00:00,VILE PARLE (E),19.0963781,72.8563994
239,13:00:00,22:00:00,GOREGAON (E),19.1551485,72.8678551
240,13:00:00,22:00:00,BHANDUP (W),19.1509879,72.9315251
241,13:00:00,22:00:00,MATUNGA (W),19.0268747,72.8553352
242,13:00:00,22:00:00,MULUND (W),19.1725542,72.942537
243,13:00:00,22:00:00,ANDHERI (E),19.1154908,72.8726952
246,11:00:00,20:00:00,AIROLI,19.157935,72.9934762
247,11:00:00,20:00:00,MIRA ROAD,19.2871393,72.8688419
249,11:00:00,20:00:00,THANE (W),19.2444738,72.9814877
251,11:00:00,20:00:00,THANE (W),19.2444738,72.9814877
252,15:00:00,0:00:00,CBD BELAPUR,19.0300657,73.0351138
253,15:00:00,0:00:00,KANDIVALI (W),19.1998211,72.842594
254,15:00:00,0:00:00,BANDRA (E),19.060516,72.850432
255,15:00:00,0:00:00,MIRA ROAD,19.2871393,72.8688419
256,15:00:00,0:00:00,BORIVALI (W),19.2461644,72.8509056
257,15:00:00,0:00:00,CBD BELAPUR,19.0300657,73.0351138
259,15:00:00,0:00:00,GHANSOLI,19.1253629,72.9992013
260,15:00:00,0:00:00,GOREGAON (E),19.1551485,72.8678551
261,15:00:00,0:00:00,THANE (W),19.2444738,72.9814877
262,15:00:00,0:00:00,THANE (W),19.2444738,72.9814877
263,15:00:00,0:00:00,THANE (W),19.2444738,72.9814877
264,15:00:00,0:00:00,THANE (W),19.2444738,72.9814877
265,15:00:00,0:00:00,THANE (W),19.2444738,72.9814877
266,15:00:00,0:00:00,MIRA ROAD,19.2871393,72.8688419
267,15:00:00,0:00:00,G.T.B NAGAR,19.0357936,72.8655789
268,15:00:00,0:00:00,KOPARKHAIRANE,19.1616388,72.9964269
269,15:00:00,0:00:00,GHANSOLI,19.1253629,72.9992013
270,15:00:00,0:00:00,MALAD (W),19.1827551,72.8401539
271,15:00:00,0:00:00,MALAD (W),19.1827551,72.8401539
272,15:00:00,0:00:00,ANDHERI (E),19.1154908,72.8726952
274,15:00:00,0:00:00,MIRA ROAD,19.2871393,72.8688419
275,15:00:00,0:00:00,MULUND (W),19.1725542,72.942537
276,15:00:00,0:00:00,GOREGAON (W),19.1629338,72.839241
277,15:00:00,0:00:00,SAKINAKA,19.0948958,72.8865248
278,15:00:00,0:00:00,VASAI (W),19.3666371,72.8160976
279,15:00:00,0:00:00,KANJURMARG (E),19.1316889,72.9351934
280,15:00:00,0:00:00,JUI NAGAR ,19.0506956,73.0154376
281,15:00:00,0:00:00,KHAR (W),19.0716903,72.8341267
282,15:00:00,0:00:00,BORIVALI (W),19.2461644,72.8509056
283,15:00:00,0:00:00,GHATKOPAR (W),19.0908063,72.9076669
284,15:00:00,0:00:00,KOPARKHAIRANE,19.1616388,72.9964269
285,15:00:00,0:00:00,KANDIVALI (E),19.20212,72.856186
286,15:00:00,0:00:00,MALAD (E),19.1808735,72.8574558
287,15:00:00,0:00:00,BANDRA (W),19.0606917,72.8362497
288,15:00:00,0:00:00,GOREGAON (W),19.1629338,72.839241
289,15:00:00,0:00:00,LOWER PAREL,19.0021567,72.8415793
290,15:00:00,0:00:00,DADAR (E),19.0099129,72.8426858
291,15:00:00,0:00:00,IIT Powai,19.128427,72.919352
292,15:00:00,0:00:00,VILE PARLE (W),19.1102949,72.8409693
293,15:00:00,0:00:00,THANE (W),19.2444738,72.9814877
295,15:00:00,0:00:00,GHANSOLI,19.1253629,72.9992013
296,15:00:00,0:00:00,BYCULLA (E),18.9821993,72.8382547
297,6:00:00,15:00:00,BYCULLA (W),18.9760704,72.8311503
298,6:00:00,15:00:00,BORIVALI (W),19.2461644,72.8509056
299,6:00:00,15:00:00,GOREGAON (E),19.1551485,72.8678551
300,6:00:00,15:00:00,MALAD (E),19.1808735,72.8574558
301,6:00:00,15:00:00,GHATKOPAR (E),19.0796375,72.9070116
302,6:00:00,15:00:00,VASAI (E),19.3942114,72.8633635
303,6:00:00,15:00:00,VIKHROLI (E),19.091182,72.9208636
304,6:00:00,15:00:00,MIRA ROAD,19.2871393,72.8688419
305,6:00:00,15:00:00,ANDHERI (E),19.1154908,72.8726952
306,6:00:00,15:00:00,NERUL (W),19.0355766,73.0228173
309,6:00:00,15:00:00,VASHI,19.0770644,72.9989925
311,6:00:00,15:00:00,KANDIVALI (W),19.1998211,72.842594
314,6:00:00,15:00:00,BHAYANDAR (E),19.3056009,72.8593755
316,6:00:00,15:00:00,BYCULLA (W),18.9760704,72.8311503
317,6:00:00,15:00:00,SANTACRUZ (E),19.07937,72.8562596
318,6:00:00,15:00:00,GHATKOPAR (W),19.0908063,72.9076669
319,6:00:00,15:00:00,JOGESHWARI (E),19.136976,72.854292
320,6:00:00,15:00:00,COTTON GREEN,18.9921457,72.846563
321,6:00:00,15:00:00,KANDIVALI (W),19.1998211,72.842594
322,6:00:00,15:00:00,VASAI (W),19.3666371,72.8160976
324,6:00:00,15:00:00,BHANDUP (W),19.1509879,72.9315251
325,6:00:00,15:00:00,JOGESHWARI (E),19.136976,72.854292
326,6:00:00,15:00:00,VIKHROLI (W),19.112681,72.9208636
327,6:00:00,15:00:00,VIKHROLI (E),19.091182,72.9208636
328,6:00:00,15:00:00,KURLA (W),19.0707532,72.8781322
329,6:00:00,15:00:00,KALWA,19.1943854,72.9992013
330,6:00:00,15:00:00,BORIVALI (W),19.2461644,72.8509056
332,6:00:00,15:00:00,DADAR (E),19.0099129,72.8426858
333,6:00:00,15:00:00,GHANSOLI,19.1253629,72.9992013
334,6:00:00,15:00:00,CHUNABHATTI,19.0516931,72.8691602
335,6:00:00,15:00:00,AIROLI,19.157935,72.9934762
337,6:00:00,15:00:00,GHANSOLI,19.1253629,72.9992013
338,6:00:00,15:00:00,GOREGAON (W),19.1629338,72.839241
339,6:00:00,15:00:00,TROMBAY,19.0137721,72.8953023
340,6:00:00,15:00:00,POWAI,19.1196773,72.9050809
342,6:00:00,15:00:00,VASAI (E),19.3942114,72.8633635
343,6:00:00,15:00:00,THANE (E),19.1780429,72.9785353
345,6:00:00,15:00:00,KALWA,19.1943854,72.9992013
346,6:00:00,15:00:00,KOPARKHAIRANE,19.1616388,72.9964269
347,6:00:00,15:00:00,THANE (W),19.2444738,72.9814877
348,6:00:00,15:00:00,NAIGAON (E),19.0109822,72.8463784
349,6:00:00,15:00:00,NERUL (W),19.0355766,73.0228173
350,6:00:00,15:00:00,BHANDUP (W),19.1509879,72.9315251
351,6:00:00,15:00:00,RABALE,19.1463319,73.0080576
352,6:00:00,15:00:00,GOREGAON (E),19.1551485,72.8678551
353,6:00:00,15:00:00,VILE PARLE (E),19.0963781,72.8563994
354,6:00:00,15:00:00,KANJURMARG (E),19.1316889,72.9351934
355,6:00:00,15:00:00,MULUND (E),19.1565109,72.9637728
356,6:00:00,15:00:00,THANE (E),19.1780429,72.9785353
357,6:00:00,15:00:00,ANDHERI (E),19.1154908,72.8726952
358,6:00:00,15:00:00,NERUL (W),19.0355766,73.0228173
360,6:00:00,15:00:00,THANE (W),19.2444738,72.9814877
361,6:00:00,15:00:00,GHATKOPAR (W),19.0908063,72.9076669
362,6:00:00,15:00:00,THANE (W),19.2444738,72.9814877
363,6:00:00,15:00:00,THANE (E),19.1780429,72.9785353
364,6:00:00,15:00:00,KALWA,19.1943854,72.9992013
365,6:00:00,15:00:00,BORIVALI (W),19.2461644,72.8509056
366,6:00:00,15:00:00,THANE (W),19.2444738,72.9814877
367,6:00:00,15:00:00,THANE (W),19.2444738,72.9814877
372,6:00:00,15:00:00,GHATKOPAR (W),19.0908063,72.9076669
374,6:00:00,15:00:00,TURBHE,19.0726786,73.0198654
375,6:00:00,15:00:00,MULUND (W),19.1725542,72.942537
376,6:00:00,15:00:00,KANJURMARG (E),19.1316889,72.9351934
377,6:00:00,15:00:00,KURLA (W),19.0707532,72.8781322
378,6:00:00,15:00:00,ANDHERI (E),19.1154908,72.8726952
381,6:00:00,15:00:00,DIGHA,19.1758594,73.0001639
382,6:00:00,15:00:00,KALWA,19.1943854,72.9992013
383,6:00:00,15:00:00,GHATKOPAR (E),19.0796375,72.9070116
384,6:00:00,15:00:00,VIKHROLI (E),19.091182,72.9208636
385,6:00:00,15:00:00,BHANDUP (W),19.1509879,72.9315251
386,6:00:00,15:00:00,DHARAVI,19.0402084,72.8508504
387,6:00:00,15:00:00,BORIVALI (W),19.2461644,72.8509056
388,6:00:00,15:00:00,JOGESHWARI (E),19.136976,72.854292
389,6:00:00,15:00:00,KALWA,19.1943854,72.9992013
391,6:00:00,15:00:00,CHEMBUR,19.0327996,72.8963568
392,6:00:00,15:00:00,KOPARKHAIRANE,19.1616388,72.9964269
394,6:00:00,15:00:00,SANTACRUZ (E),19.07937,72.8562596
395,6:00:00,15:00:00,GHANSOLI,19.1253629,72.9992013
396,6:00:00,15:00:00,KURLA (W),19.0707532,72.8781322
397,6:00:00,15:00:00,BORIVALI (W),19.2461644,72.8509056
398,6:00:00,15:00:00,SANTACRUZ (W),19.0815087,72.8376755
399,6:00:00,15:00:00,DHARAVI,19.0402084,72.8508504
400,6:00:00,15:00:00,DHARAVI,19.0402084,72.8508504
401,6:00:00,15:00:00,DHARAVI,19.0402084,72.8508504
402,6:00:00,15:00:00,CHEMBUR,19.0327996,72.8963568
405,6:00:00,15:00:00,MALAD (W),19.1827551,72.8401539
407,6:00:00,15:00:00,VILE PARLE (E),19.0963781,72.8563994
410,6:00:00,15:00:00,DAHISAR (E),19.2539332,72.8672448
411,6:00:00,15:00:00,ANDHERI (E),19.1154908,72.8726952
412,6:00:00,15:00:00,GHATKOPAR (W),19.0908063,72.9076669
414,6:00:00,15:00:00,DHARAVI,19.0402084,72.8508504
415,6:00:00,15:00:00,MULUND (E),19.1565109,72.9637728
416,6:00:00,15:00:00,KANDIVALI (W),19.1998211,72.842594
417,6:00:00,15:00:00,VASAI (E),19.3942114,72.8633635
419,6:00:00,15:00:00,BHANDUP (W),19.1509879,72.9315251
420,6:00:00,15:00:00,MALAD (E),19.1808735,72.8574558
421,6:00:00,15:00:00,KOPARKHAIRANE,19.1616388,72.9964269
422,6:00:00,15:00:00,THANE (W),19.2444738,72.9814877
423,6:00:00,15:00:00,GOREGAON (E),19.1551485,72.8678551
424,6:00:00,15:00:00,THANE (W),19.2444738,72.9814877
425,6:00:00,15:00:00,AIROLI,19.157935,72.9934762
426,6:00:00,15:00:00,SAKINAKA,19.0948958,72.8865248
427,6:00:00,15:00:00,KURLA (W),19.0707532,72.8781322
428,6:00:00,15:00:00,AIROLI,19.157935,72.9934762
430,6:00:00,15:00:00,MIRA ROAD,19.2871393,72.8688419
432,6:00:00,15:00:00,ANDHERI (E),19.1154908,72.8726952
433,6:00:00,15:00:00,VASAI (W),19.3666371,72.8160976
435,6:00:00,15:00:00,AIROLI,19.157935,72.9934762
436,6:00:00,15:00:00,ANDHERI (W),19.1363246,72.82766
437,6:00:00,15:00:00,DIGHA,19.1758594,73.0001639
438,6:00:00,15:00:00,BANDRA (E),19.060516,72.850432
439,6:00:00,15:00:00,GHATKOPAR (W),19.0908063,72.9076669
440,6:00:00,15:00:00,VIKHROLI (W),19.112681,72.9208636
441,6:00:00,15:00:00,SAKINAKA,19.0948958,72.8865248
442,6:00:00,15:00:00,KURLA (W),19.0707532,72.8781322
443,6:00:00,15:00:00,THANE (W),19.2444738,72.9814877
444,6:00:00,15:00:00,KOPARKHAIRANE,19.1616388,72.9964269
445,6:00:00,15:00:00,DIGHA,19.1758594,73.0001639
446,6:00:00,15:00:00,CHEMBUR,19.0327996,72.8963568
447,6:00:00,15:00:00,KANJURMARG (E),19.1316889,72.9351934
448,6:00:00,15:00:00,BORIVALI (E),19.2240612,72.8666469
449,6:00:00,15:00:00,THANE (W),19.2444738,72.9814877
450,6:00:00,15:00:00,MANKHURD,19.0558482,72.9281589
452,6:00:00,15:00:00,KOPRI,19.179211,72.970399
453,6:00:00,15:00:00,TROMBAY,19.0137721,72.8953023
454,6:00:00,15:00:00,THANE (W),19.2444738,72.9814877
455,6:00:00,15:00:00,GOREGAON (E),19.1551485,72.8678551
457,6:00:00,15:00:00,ANDHERI (W),19.1363246,72.82766
458,6:00:00,15:00:00,NERUL (W),19.0355766,73.0228173
459,6:00:00,15:00:00,VASAI (E),19.3942114,72.8633635
460,6:00:00,15:00:00,THANE (W),19.2444738,72.9814877
461,6:00:00,15:00:00,GHATKOPAR (E),19.0796375,72.9070116
462,6:00:00,15:00:00,DHARAVI,19.0402084,72.8508504
463,6:00:00,15:00:00,AIROLI,19.157935,72.9934762
465,6:00:00,15:00:00,SEWREE,18.9985832,72.8547291
466,6:00:00,15:00:00,THANE (W),19.2444738,72.9814877
467,6:00:00,15:00:00,ANDHERI (E),19.1154908,72.8726952
469,6:00:00,15:00:00,KOPARKHAIRANE,19.1616388,72.9964269
470,6:00:00,15:00:00,BHANDUP (W),19.1509879,72.9315251
472,6:00:00,15:00:00,BHANDUP (W),19.1509879,72.9315251
473,6:00:00,15:00:00,MAHIM (E),19.0386825,72.8490338
474,6:00:00,15:00:00,BHANDUP (W),19.1509879,72.9315251
475,6:00:00,15:00:00,MALAD (W),19.1827551,72.8401539
476,6:00:00,15:00:00,BHANDUP (W),19.1509879,72.9315251
478,6:00:00,15:00:00,KOPARKHAIRANE,19.1616388,72.9964269
480,6:00:00,15:00:00,MALAD (W),19.1827551,72.8401539
481,6:00:00,15:00:00,VASAI (W),19.3666371,72.8160976
482,6:00:00,15:00:00,AIROLI,19.157935,72.9934762
483,6:00:00,15:00:00,KANDIVALI (E),19.20212,72.856186
484,6:00:00,15:00:00,THANE (W),19.2444738,72.9814877
485,6:00:00,15:00:00,BANDRA (E),19.060516,72.850432
487,6:00:00,15:00:00,VASAI (E),19.3942114,72.8633635
488,6:00:00,15:00:00,THANE (W),19.2444738,72.9814877
489,6:00:00,15:00:00,GHANSOLI,19.1253629,72.9992013
491,6:00:00,15:00:00,MULUND (W),19.1725542,72.942537
492,6:00:00,15:00:00,KOPARKHAIRANE,19.1616388,72.9964269
493,6:00:00,15:00:00,ANDHERI (E),19.1154908,72.8726952
494,6:00:00,15:00:00,THANE (W),19.2444738,72.9814877
496,6:00:00,15:00:00,BHANDUP (W),19.1509879,72.9315251
497,6:00:00,15:00:00,GHATKOPAR (E),19.0796375,72.9070116
498,6:00:00,15:00:00,VIKHROLI (E),19.091182,72.9208636
499,6:00:00,15:00:00,THANE (W),19.2444738,72.9814877
503,6:00:00,15:00:00,BHANDUP (W),19.1509879,72.9315251
504,6:00:00,15:00:00,KALWA,19.1943854,72.9992013
505,6:00:00,15:00:00,KOPARKHAIRANE,19.1616388,72.9964269
506,6:00:00,15:00:00,SION (E),19.0351454,72.8663173
507,6:00:00,15:00:00,AIROLI,19.157935,72.9934762
508,6:00:00,15:00:00,TROMBAY,19.0137721,72.8953023
510,6:00:00,15:00:00,GOREGAON (E),19.1551485,72.8678551
511,6:00:00,15:00:00,VASHINAKA,19.033417,72.89629
512,6:00:00,15:00:00,BHANDUP (W),19.1509879,72.9315251
513,6:00:00,15:00:00,CHEMBUR,19.0327996,72.8963568
514,6:00:00,15:00:00,KALWA,19.1943854,72.9992013
516,6:00:00,15:00:00,KALWA,19.1943854,72.9992013
517,6:00:00,15:00:00,DAHISAR (E),19.2539332,72.8672448
518,6:00:00,15:00:00,NERUL (E),19.0355766,73.0228173
520,6:00:00,15:00:00,SANPADA,19.0330488,73.0296625
521,6:00:00,15:00:00,THANE (W),19.2444738,72.9814877
523,6:00:00,15:00:00,MULUND (W),19.1725542,72.942537
524,6:00:00,15:00:00,KALWA,19.1943854,72.9992013
525,6:00:00,15:00:00,MULUND (E),19.1565109,72.9637728
526,6:00:00,15:00:00,BORIVALI (E),19.2240612,72.8666469
527,6:00:00,15:00:00,VIKHROLI (E),19.091182,72.9208636
528,6:00:00,15:00:00,ANDHERI (E),19.1154908,72.8726952
529,6:00:00,15:00:00,KOPARKHAIRANE,19.1616388,72.9964269
530,6:00:00,15:00:00,NAIGAON (E),19.0109822,72.8463784
531,6:00:00,15:00:00,GHATKOPAR (W),19.0908063,72.9076669
532,6:00:00,15:00:00,VIKHROLI (E),19.091182,72.9208636
534,6:00:00,15:00:00,KOPARKHAIRANE,19.1616388,72.9964269
535,6:00:00,15:00:00,KANDIVALI (E),19.20212,72.856186
538,6:00:00,15:00:00,JOGESHWARI (E),19.136976,72.854292
539,6:00:00,15:00:00,GHATKOPAR (E),19.0796375,72.9070116
540,6:00:00,15:00:00,POWAI,19.1196773,72.9050809
541,6:00:00,15:00:00,KURLA (W),19.0707532,72.8781322
542,6:00:00,15:00:00,POWAI,19.1196773,72.9050809
543,6:00:00,15:00:00,AIROLI,19.157935,72.9934762
545,6:00:00,15:00:00,NERUL (W),19.0355766,73.0228173
546,6:00:00,15:00:00,JOGESHWARI (E),19.136976,72.854292
547,6:00:00,15:00:00,AIROLI,19.157935,72.9934762
548,6:00:00,15:00:00,MANKHURD,19.0558482,72.9281589
549,6:00:00,15:00:00,SION (E),19.0351454,72.8663173
550,6:00:00,15:00:00,CHUNABHATTI,19.0516931,72.8691602
552,6:00:00,15:00:00,GHATKOPAR (W),19.0908063,72.9076669
553,6:00:00,15:00:00,BORIVALI (W),19.2461644,72.8509056
554,6:00:00,15:00:00,BORIVALI (E),19.2240612,72.8666469
555,6:00:00,15:00:00,SION (E),19.0351454,72.8663173
556,6:00:00,15:00:00,DIGHA,19.1758594,73.0001639
557,6:00:00,15:00:00,SION (E),19.0351454,72.8663173
558,6:00:00,15:00:00,THANE (W),19.2444738,72.9814877
560,6:00:00,15:00:00,KALWA,19.1943854,72.9992013
561,6:00:00,15:00:00,MIRA ROAD,19.2871393,72.8688419
562,6:00:00,15:00:00,KALWA,19.1943854,72.9992013
563,6:00:00,15:00:00,AIROLI,19.157935,72.9934762
564,6:00:00,15:00:00,POWAI,19.1196773,72.9050809
565,6:00:00,15:00:00,MULUND (W),19.1725542,72.942537
566,6:00:00,15:00:00,ANDHERI (E),19.1154908,72.8726952
567,6:00:00,15:00:00,THANE (W),19.2444738,72.9814877
568,6:00:00,15:00:00,SANTACRUZ (E),19.07937,72.8562596
570,6:00:00,15:00:00,JOGESHWARI (E),19.136976,72.854292
571,6:00:00,15:00:00,BHANDUP (E),19.1465032,72.9459841
572,6:00:00,15:00:00,GHODBUNDER ROAD,19.2420502,72.9757786
575,6:00:00,15:00:00,ANDHERI (E),19.1154908,72.8726952
576,6:00:00,15:00:00,DHARAVI,19.0402084,72.8508504
578,6:00:00,15:00:00,MIRA ROAD,19.2871393,72.8688419
579,6:00:00,15:00:00,GOREGAON (E),19.1551485,72.8678551
580,6:00:00,15:00:00,BHANDUP (E),19.1465032,72.9459841
581,6:00:00,15:00:00,DIGHA,19.1758594,73.0001639
583,6:00:00,15:00:00,THANE (W),19.2444738,72.9814877
584,6:00:00,15:00:00,BORIVALI (E),19.2240612,72.8666469
585,6:00:00,15:00:00,KANDIVALI (W),19.1998211,72.842594
586,6:00:00,15:00:00,MIRA ROAD,19.2871393,72.8688419
587,6:00:00,15:00:00,BHANDUP (W),19.1509879,72.9315251
588,6:00:00,15:00:00,THANE (W),19.2444738,72.9814877
591,6:00:00,15:00:00,ANDHERI (E),19.1154908,72.8726952
592,6:00:00,15:00:00,BHANDUP (W),19.1509879,72.9315251
593,6:00:00,15:00:00,AIROLI,19.157935,72.9934762
595,6:00:00,15:00:00,NERUL (E),19.0355766,73.0228173
596,6:00:00,15:00:00,GOVANDI,19.0535444,72.9239095
597,6:00:00,15:00:00,KURLA (W),19.0707532,72.8781322
598,6:00:00,15:00:00,DAHISAR (E),19.2539332,72.8672448
599,6:00:00,15:00:00,LOWER PAREL,19.0021567,72.8415793
600,6:00:00,15:00:00,KURLA (E),19.0620527,72.8834355
601,6:00:00,15:00:00,GHANSOLI,19.1253629,72.9992013
602,6:00:00,15:00:00,KALWA,19.1943854,72.9992013
605,6:00:00,15:00:00,GHANSOLI,19.1253629,72.9992013
607,6:00:00,15:00:00,NAIGAON (E),19.0109822,72.8463784
608,6:00:00,15:00:00,GOREGAON (W),19.1629338,72.839241
609,6:00:00,15:00:00,ANDHERI (W),19.1363246,72.82766
610,6:00:00,15:00:00,MALAD (E),19.1808735,72.8574558
611,6:00:00,15:00:00,KOPARKHAIRANE,19.1616388,72.9964269
612,6:00:00,15:00:00,KOPARKHAIRANE,19.1616388,72.9964269
613,6:00:00,15:00:00,BYCULLA (E),18.9821993,72.8382547
614,6:00:00,15:00:00,KANDIVALI (W),19.1998211,72.842594
616,6:00:00,15:00:00,KOPRI,19.179211,72.970399
617,6:00:00,15:00:00,VIKHROLI (E),19.091182,72.9208636
618,6:00:00,15:00:00,MIRA ROAD,19.2871393,72.8688419
619,6:00:00,15:00:00,BORIVALI (E),19.2240612,72.8666469
620,6:00:00,15:00:00,KANDIVALI (W),19.1998211,72.842594
621,6:00:00,15:00:00,SION (E),19.0351454,72.8663173
623,6:00:00,15:00:00,KANDIVALI (W),19.1998211,72.842594
624,6:00:00,15:00:00,CHANDIVALI,19.1074911,72.9017603
625,6:00:00,15:00:00,AIROLI,19.157935,72.9934762
626,6:00:00,15:00:00,GHATKOPAR (W),19.0908063,72.9076669
627,6:00:00,15:00:00,POWAI,19.1196773,72.9050809
628,6:00:00,15:00:00,ANDHERI (E),19.1154908,72.8726952
629,6:00:00,15:00:00,MULUND (E),19.1565109,72.9637728
630,6:00:00,15:00:00,SANPADA,19.0330488,73.0296625
631,6:00:00,15:00:00,AIROLI,19.157935,72.9934762
632,6:00:00,15:00:00,MAHIM (W),19.032012,72.8401043
633,6:00:00,15:00:00,KOPARKHAIRANE,19.1616388,72.9964269
634,6:00:00,15:00:00,MIRA ROAD,19.2871393,72.8688419
635,6:00:00,15:00:00,GHATKOPAR (W),19.0908063,72.9076669
636,6:00:00,15:00:00,MANKHURD,19.0558482,72.9281589
637,6:00:00,15:00:00,SAKINAKA,19.0948958,72.8865248
638,6:00:00,15:00:00,THANE (W),19.2444738,72.9814877
639,6:00:00,15:00:00,THANE (W),19.2444738,72.9814877
640,6:00:00,15:00:00,KOPARKHAIRANE,19.1616388,72.9964269
641,6:00:00,15:00:00,AIROLI,19.157935,72.9934762
642,6:00:00,15:00:00,MULUND (W),19.1725542,72.942537
643,6:00:00,15:00:00,MAHALAXMI,18.9865217,72.8182877
645,6:00:00,15:00:00,ANDHERI (E),19.1154908,72.8726952
646,6:00:00,15:00:00,THANE (W),19.2444738,72.9814877
647,6:00:00,15:00:00,VASAI (W),19.3666371,72.8160976
648,6:00:00,15:00:00,THANE (W),19.2444738,72.9814877
649,6:00:00,15:00:00,POWAI,19.1196773,72.9050809
650,6:00:00,15:00:00,ANDHERI (W),19.1363246,72.82766
651,6:00:00,15:00:00,BORIVALI (E),19.2240612,72.8666469
652,6:00:00,15:00:00,THANE (W),19.2444738,72.9814877
653,6:00:00,15:00:00,THANE (W),19.2444738,72.9814877
654,6:00:00,15:00:00,MULUND (E),19.1565109,72.9637728
655,6:00:00,15:00:00,VASAI (W),19.3666371,72.8160976
656,6:00:00,15:00:00,JOGESHWARI (E),19.136976,72.854292
657,6:00:00,15:00:00,SEAWOODS,19.0094224,73.0198654
658,6:00:00,15:00:00,PRABHADEVI,19.0158466,72.8279973
659,6:00:00,15:00:00,VASAI (W),19.3666371,72.8160976
660,6:00:00,15:00:00,AIROLI,19.157935,72.9934762
661,6:00:00,15:00:00,JOGESHWARI (E),19.136976,72.854292
662,6:00:00,15:00:00,KHAR (E),19.0716597,72.8439889
664,6:00:00,15:00:00,AIROLI,19.157935,72.9934762
665,6:00:00,15:00:00,KANDIVALI (W),19.1998211,72.842594
666,6:00:00,15:00:00,KALWA,19.1943854,72.9992013
667,6:00:00,15:00:00,KOPRI,19.179211,72.970399
669,6:00:00,15:00:00,SANTACRUZ (E),19.07937,72.8562596
670,6:00:00,15:00:00,GIRGAON,18.9572287,72.8196689
671,6:00:00,15:00:00,GHODBUNDER ROAD,19.2420502,72.9757786
673,6:00:00,15:00:00,CURRY ROAD,18.9950657,72.8333833
674,6:00:00,15:00:00,MANKHURD,19.0558482,72.9281589
675,6:00:00,15:00:00,DIGHA,19.1758594,73.0001639
677,6:00:00,15:00:00,MAROL,19.107807,72.879824
679,6:00:00,15:00:00,MULUND (E),19.1565109,72.9637728
680,6:00:00,15:00:00,AIROLI,19.157935,72.9934762
681,6:00:00,15:00:00,MIRA ROAD,19.2871393,72.8688419
682,6:00:00,15:00:00,CBD BELAPUR,19.0300657,73.0351138
683,6:00:00,15:00:00,AIROLI,19.157935,72.9934762
684,6:00:00,15:00:00,ANDHERI (W),19.1363246,72.82766
689,6:00:00,15:00:00,ANDHERI (E),19.1154908,72.8726952
690,6:00:00,15:00:00,KURLA (W),19.0707532,72.8781322
691,6:00:00,15:00:00,VIKHROLI (E),19.091182,72.9208636
693,6:00:00,15:00:00,BHANDUP (W),19.1509879,72.9315251
696,6:00:00,15:00:00,AIROLI,19.157935,72.9934762
697,6:00:00,15:00:00,PAREL,19.0021567,72.8415793
698,6:00:00,15:00:00,KURLA (W),19.0707532,72.8781322
700,6:00:00,15:00:00,GHANSOLI,19.1253629,72.9992013
701,6:00:00,15:00:00,SAKINAKA,19.0948958,72.8865248
702,6:00:00,15:00:00,MAROL,19.107807,72.879824
703,6:00:00,15:00:00,THANE (W),19.2444738,72.9814877
705,6:00:00,15:00:00,JUI NAGAR ,19.0506956,73.0154376
707,6:00:00,15:00:00,GHATKOPAR (E),19.0796375,72.9070116
708,6:00:00,15:00:00,AIROLI,19.157935,72.9934762
710,6:00:00,15:00:00,BHAYANDAR (W),19.3017788,72.8502601
711,6:00:00,15:00:00,CHEMBUR,19.0327996,72.8963568
712,6:00:00,15:00:00,BORIVALI (E),19.2240612,72.8666469
715,6:00:00,15:00:00,MALAD (E),19.1808735,72.8574558
716,6:00:00,15:00:00,JUI NAGAR ,19.0506956,73.0154376
717,6:00:00,15:00:00,LOWER PAREL,19.0021567,72.8415793
718,6:00:00,15:00:00,AIROLI,19.157935,72.9934762
719,6:00:00,15:00:00,MALAD (E),19.1808735,72.8574558
720,6:00:00,15:00:00,MAZGAON,18.9718388,72.8436024
723,6:00:00,15:00:00,KALWA,19.1943854,72.9992013
724,6:00:00,15:00:00,SANTACRUZ (E),19.07937,72.8562596
725,6:00:00,15:00:00,DAHISAR (E),19.2539332,72.8672448
726,6:00:00,15:00:00,ANDHERI (W),19.1363246,72.82766
727,6:00:00,15:00:00,SANTACRUZ (W),19.0815087,72.8376755
729,6:00:00,15:00:00,AIROLI,19.157935,72.9934762
730,6:00:00,15:00:00,DIGHA,19.1758594,73.0001639
731,6:00:00,15:00:00,ANDHERI (W),19.1363246,72.82766
732,6:00:00,15:00:00,BORIVALI (W),19.2461644,72.8509056
733,6:00:00,15:00:00,THANE (W),19.2444738,72.9814877
734,6:00:00,15:00:00,MIRA ROAD,19.2871393,72.8688419
736,6:00:00,15:00:00,ANDHERI (W),19.1363246,72.82766
738,6:00:00,15:00:00,THANE (W),19.2444738,72.9814877
740,6:00:00,15:00:00,ANDHERI (E),19.1154908,72.8726952
741,6:00:00,15:00:00,NAIGAON (E),19.0109822,72.8463784
742,6:00:00,15:00:00,VIKHROLI (E),19.091182,72.9208636
744,6:00:00,15:00:00,VASAI (W),19.3666371,72.8160976
745,6:00:00,15:00:00,BHANDUP (W),19.1509879,72.9315251
746,6:00:00,15:00:00,VIKHROLI (E),19.091182,72.9208636
747,6:00:00,15:00:00,DHARAVI,19.0402084,72.8508504
748,6:00:00,15:00:00,GHATKOPAR (W),19.0908063,72.9076669
749,6:00:00,15:00:00,MALAD (W),19.1827551,72.8401539
750,6:00:00,15:00:00,AIROLI,19.157935,72.9934762
751,6:00:00,15:00:00,ANDHERI (E),19.1154908,72.8726952
752,6:00:00,15:00:00,AIROLI,19.157935,72.9934762
753,6:00:00,15:00:00,MIRA ROAD,19.2871393,72.8688419
755,6:00:00,15:00:00,BORIVALI (W),19.2461644,72.8509056
756,6:00:00,15:00:00,GHANSOLI,19.1253629,72.9992013
757,6:00:00,15:00:00,POWAI,19.1196773,72.9050809
758,6:00:00,15:00:00,KURLA (E),19.0620527,72.8834355
759,6:00:00,15:00:00,DIGHA,19.1758594,73.0001639
760,6:00:00,15:00:00,ANDHERI (E),19.1154908,72.8726952
761,6:00:00,15:00:00,SANPADA,19.0330488,73.0296625
762,6:00:00,15:00:00,THANE (W),19.2444738,72.9814877
763,6:00:00,15:00:00,POWAI,19.1196773,72.9050809
765,6:00:00,15:00:00,THANE (W),19.2444738,72.9814877
767,6:00:00,15:00:00,KANDIVALI (W),19.1998211,72.842594
768,6:00:00,15:00:00,MALAD (E),19.1808735,72.8574558
769,6:00:00,15:00:00,DAHISAR (E),19.2539332,72.8672448
770,6:00:00,15:00:00,CHEMBUR,19.0327996,72.8963568
772,6:00:00,15:00:00,GHATKOPAR (W),19.0908063,72.9076669
774,6:00:00,15:00:00,BALKUM NAKA,19.22074,72.988431
775,6:00:00,15:00:00,KALWA,19.1943854,72.9992013
776,6:00:00,15:00:00,GHANSOLI,19.1253629,72.9992013
777,6:00:00,15:00:00,MALAD (W),19.1827551,72.8401539
778,6:00:00,15:00:00,DONGRI,18.9597509,72.837815
779,6:00:00,15:00:00,MALAD (E),19.1808735,72.8574558
780,6:00:00,15:00:00,AIROLI,19.157935,72.9934762
781,6:00:00,15:00:00,THANE (W),19.2444738,72.9814877
782,6:00:00,15:00:00,NERUL (W),19.0355766,73.0228173
784,6:00:00,15:00:00,THANE (W),19.2444738,72.9814877
785,6:00:00,15:00:00,GOREGAON (E),19.1551485,72.8678551
786,6:00:00,15:00:00,BHANDUP (W),19.1509879,72.9315251
787,6:00:00,15:00:00,GHATKOPAR (W),19.0908063,72.9076669
788,6:00:00,15:00:00,AIROLI,19.157935,72.9934762
791,6:00:00,15:00:00,VASAI (E),19.3942114,72.8633635
792,6:00:00,15:00:00,KANDIVALI (W),19.1998211,72.842594
793,6:00:00,15:00:00,AIROLI,19.157935,72.9934762
794,6:00:00,15:00:00,VIKHROLI (E),19.091182,72.9208636
795,6:00:00,15:00:00,KANJURMARG (E),19.1316889,72.9351934
796,6:00:00,15:00:00,WADALA,19.0151285,72.8580644
797,6:00:00,15:00:00,THANE (W),19.2444738,72.9814877
799,6:00:00,15:00:00,MALAD (E),19.1808735,72.8574558
800,6:00:00,15:00:00,ANDHERI (E),19.1154908,72.8726952
801,6:00:00,15:00:00,THANE (W),19.2444738,72.9814877
803,6:00:00,15:00:00,KANDIVALI (W),19.1998211,72.842594
804,6:00:00,15:00:00,MALAD (E),19.1808735,72.8574558
805,6:00:00,15:00:00,BORIVALI (E),19.2240612,72.8666469
806,6:00:00,15:00:00,BALKUM NAKA,19.22074,72.988431
807,6:00:00,15:00:00,MIRA ROAD,19.2871393,72.8688419
808,6:00:00,15:00:00,POWAI,19.1196773,72.9050809
809,6:00:00,15:00:00,ANDHERI (E),19.1154908,72.8726952
810,6:00:00,15:00:00,MULUND (E),19.1565109,72.9637728
811,6:00:00,15:00:00,LOWER PAREL,19.0021567,72.8415793
813,6:00:00,15:00:00,TROMBAY,19.0137721,72.8953023
814,6:00:00,15:00:00,MIRA ROAD,19.2871393,72.8688419
815,6:00:00,15:00:00,SANPADA,19.0330488,73.0296625
816,6:00:00,15:00:00,BHAYANDAR (E),19.3056009,72.8593755
817,6:00:00,15:00:00,ANDHERI (E),19.1154908,72.8726952
818,6:00:00,15:00:00,KANJURMARG (E),19.1316889,72.9351934
819,6:00:00,15:00:00,LOWER PAREL,19.0021567,72.8415793
820,6:00:00,15:00:00,AIROLI,19.157935,72.9934762
821,6:00:00,15:00:00,MALAD (W),19.1827551,72.8401539
822,6:00:00,15:00:00,MIRA ROAD,19.2871393,72.8688419
823,6:00:00,15:00:00,KOPARKHAIRANE,19.1616388,72.9964269
824,6:00:00,15:00:00,VASAI (W),19.3666371,72.8160976
826,6:00:00,15:00:00,MIRA ROAD,19.2871393,72.8688419
827,6:00:00,15:00:00,DHARAVI,19.0402084,72.8508504
828,6:00:00,15:00:00,KANDIVALI (W),19.1998211,72.842594
829,6:00:00,15:00:00,BHAYANDAR (W),19.3017788,72.8502601
830,6:00:00,15:00:00,KOPARKHAIRANE,19.1616388,72.9964269
831,6:00:00,15:00:00,THANE (W),19.2444738,72.9814877
832,6:00:00,15:00:00,CHEMBUR,19.0327996,72.8963568
833,6:00:00,15:00:00,THANE (W),19.2444738,72.9814877
834,6:00:00,15:00:00,SANPADA,19.0330488,73.0296625
835,6:00:00,15:00:00,CHEMBUR,19.0327996,72.8963568
836,6:00:00,15:00:00,DAHISAR (E),19.2539332,72.8672448
837,6:00:00,15:00:00,MULUND (W),19.1725542,72.942537
838,6:00:00,15:00:00,THANE (W),19.2444738,72.9814877
840,6:00:00,15:00:00,KURLA (W),19.0707532,72.8781322
841,6:00:00,15:00:00,THANE (W),19.2444738,72.9814877
843,6:00:00,15:00:00,KOPARKHAIRANE,19.1616388,72.9964269
845,6:00:00,15:00:00,VASAI (W),19.3666371,72.8160976
846,6:00:00,15:00:00,VASAI (E),19.3942114,72.8633635
847,6:00:00,15:00:00,KANDIVALI (W),19.1998211,72.842594
848,6:00:00,15:00:00,MULUND (W),19.1725542,72.942537
849,6:00:00,15:00:00,THANE (W),19.2444738,72.9814877
850,6:00:00,15:00:00,KOPARKHAIRANE,19.1616388,72.9964269
851,6:00:00,15:00:00,KURLA (W),19.0707532,72.8781322
852,6:00:00,15:00:00,BHANDUP (E),19.1465032,72.9459841
853,6:00:00,15:00:00,SAKINAKA,19.0948958,72.8865248
854,6:00:00,15:00:00,KALWA,19.1943854,72.9992013
855,6:00:00,15:00:00,MALAD (E),19.1808735,72.8574558
856,6:00:00,15:00:00,KOPARKHAIRANE,19.1616388,72.9964269
857,6:00:00,15:00:00,THANE (W),19.2444738,72.9814877
858,6:00:00,15:00:00,KOPARKHAIRANE,19.1616388,72.9964269
859,6:00:00,15:00:00,MIRA ROAD,19.2871393,72.8688419
860,6:00:00,15:00:00,TURBHE,19.0726786,73.0198654
861,6:00:00,15:00:00,BORIVALI (W),19.2461644,72.8509056
862,6:00:00,15:00:00,BHAYANDAR (E),19.3056009,72.8593755
863,6:00:00,15:00:00,VASAI (W),19.3666371,72.8160976
864,6:00:00,15:00:00,KANJURMARG (E),19.1316889,72.9351934
865,6:00:00,15:00:00,MULUND (E),19.1565109,72.9637728
866,6:00:00,15:00:00,AIROLI,19.157935,72.9934762
867,6:00:00,15:00:00,VASHI,19.0770644,72.9989925
868,6:00:00,15:00:00,SANPADA,19.0330488,73.0296625
869,6:00:00,15:00:00,KOPARKHAIRANE,19.1616388,72.9964269
870,6:00:00,15:00:00,JOGESHWARI (E),19.136976,72.854292
871,6:00:00,15:00:00,KANDIVALI (W),19.1998211,72.842594
872,6:00:00,15:00:00,KURLA (E),19.0620527,72.8834355
874,6:00:00,15:00:00,BORIVALI (W),19.2461644,72.8509056
875,6:00:00,15:00:00,GHATKOPAR (W),19.0908063,72.9076669
876,6:00:00,15:00:00,VASAI (E),19.3942114,72.8633635
877,6:00:00,15:00:00,THANE (W),19.2444738,72.9814877
878,6:00:00,15:00:00,AIROLI,19.157935,72.9934762
880,6:00:00,15:00:00,THANE (W),19.2444738,72.9814877
881,6:00:00,15:00:00,NAIGAON (E),19.0109822,72.8463784
882,6:00:00,15:00:00,ANDHERI (E),19.1154908,72.8726952
883,6:00:00,15:00:00,VILE PARLE (E),19.0963781,72.8563994
884,6:00:00,15:00:00,DIGHA,19.1758594,73.0001639
885,6:00:00,15:00:00,MIRA ROAD,19.2871393,72.8688419
886,6:00:00,15:00:00,AIROLI,19.157935,72.9934762
887,6:00:00,15:00:00,SANTACRUZ (W),19.0815087,72.8376755
888,6:00:00,15:00:00,POWAI,19.1196773,72.9050809
889,6:00:00,15:00:00,DHARAVI,19.0402084,72.8508504
890,6:00:00,15:00:00,DHARAVI,19.0402084,72.8508504
891,6:00:00,15:00:00,BALKUM NAKA,19.22074,72.988431
892,6:00:00,15:00:00,KURLA (E),19.0620527,72.8834355
893,6:00:00,15:00:00,MAZGAON,18.9718388,72.8436024
895,6:00:00,15:00:00,DAHISAR (W),19.2564386,72.8546344
896,6:00:00,15:00:00,NERUL (W),19.0355766,73.0228173
898,6:00:00,15:00:00,BHAYANDAR (E),19.3056009,72.8593755
899,6:00:00,15:00:00,JOGESHWARI (E),19.136976,72.854292
900,6:00:00,15:00:00,CHUNABHATTI,19.0516931,72.8691602
901,6:00:00,15:00:00,ANDHERI (E),19.1154908,72.8726952
902,6:00:00,15:00:00,ANDHERI (E),19.1154908,72.8726952
903,6:00:00,15:00:00,GOREGAON (W),19.1629338,72.839241
904,6:00:00,15:00:00,BHAYANDAR (E),19.3056009,72.8593755
905,6:00:00,15:00:00,TROMBAY,19.0137721,72.8953023
906,6:00:00,15:00:00,ANDHERI (E),19.1154908,72.8726952
907,6:00:00,15:00:00,BALKUM NAKA,19.22074,72.988431
908,6:00:00,15:00:00,TARDEO,18.9681499,72.8122442
909,6:00:00,15:00:00,DAHISAR (E),19.2539332,72.8672448
911,6:00:00,15:00:00,DAHISAR (E),19.2539332,72.8672448
912,6:00:00,15:00:00,GOREGAON (E),19.1551485,72.8678551
914,6:00:00,15:00:00,VASHINAKA,19.033417,72.89629
915,6:00:00,15:00:00,MAROL,19.107807,72.879824
916,6:00:00,15:00:00,KOPRI,19.179211,72.970399
917,6:00:00,15:00:00,NERUL (E),19.0355766,73.0228173
918,6:00:00,15:00:00,VASHINAKA,19.033417,72.89629
919,6:00:00,15:00:00,ANDHERI (E),19.1154908,72.8726952
920,6:00:00,15:00:00,VIKHROLI (E),19.091182,72.9208636
921,6:00:00,15:00:00,ANDHERI (E),19.1154908,72.8726952
922,6:00:00,15:00:00,AIROLI,19.157935,72.9934762
923,6:00:00,15:00:00,VASHI,19.0770644,72.9989925
924,6:00:00,15:00:00,JOGESHWARI (W),19.1405116,72.8421555
925,6:00:00,15:00:00,WORLI,18.9872015,72.8290456
926,6:00:00,15:00:00,THANE (W),19.2444738,72.9814877
927,6:00:00,15:00:00,BALKUM NAKA,19.22074,72.988431
928,6:00:00,15:00:00,BANDRA (E),19.060516,72.850432
929,6:00:00,15:00:00,KANDIVALI (W),19.1998211,72.842594
930,6:00:00,15:00:00,KINGS CIRCLE,19.0264175,72.8557531
931,6:00:00,15:00:00,GOREGAON (E),19.1551485,72.8678551
932,6:00:00,15:00:00,BHANDUP (W),19.1509879,72.9315251
933,6:00:00,15:00:00,DADAR (W),19.0235976,72.8378125
934,6:00:00,15:00:00,MAHIM (W),19.032012,72.8401043
935,6:00:00,15:00:00,KALWA,19.1943854,72.9992013
936,6:00:00,15:00:00,BALKUM NAKA,19.22074,72.988431
937,6:00:00,15:00:00,SANTACRUZ (E),19.07937,72.8562596
938,6:00:00,15:00:00,AIROLI,19.157935,72.9934762
939,6:00:00,15:00:00,KOPARKHAIRANE,19.1616388,72.9964269
940,6:00:00,15:00:00,G.T.B NAGAR,19.0357936,72.8655789
941,6:00:00,15:00:00,POWAI,19.1196773,72.9050809
942,6:00:00,15:00:00,GHANSOLI,19.1253629,72.9992013
943,6:00:00,15:00:00,BHAYANDAR (E),19.3056009,72.8593755
944,6:00:00,15:00:00,ANDHERI (E),19.1154908,72.8726952
945,6:00:00,15:00:00,BORIVALI (W),19.2461644,72.8509056
946,6:00:00,15:00:00,VASAI (E),19.3942114,72.8633635
947,6:00:00,15:00:00,JOGESHWARI (E),19.136976,72.854292
949,6:00:00,15:00:00,MAROL,19.107807,72.879824
950,6:00:00,15:00:00,ANDHERI (W),19.1363246,72.82766
951,6:00:00,15:00:00,MALAD (W),19.1827551,72.8401539
952,6:00:00,15:00:00,MALAD (W),19.1827551,72.8401539
954,6:00:00,15:00:00,BORIVALI (E),19.2240612,72.8666469
955,6:00:00,15:00:00,VASAI (W),19.3666371,72.8160976
956,6:00:00,15:00:00,AIROLI,19.157935,72.9934762
957,6:00:00,15:00:00,THANE (W),19.2444738,72.9814877
958,6:00:00,15:00:00,SEEPZ,19.125329,72.87555
959,6:00:00,15:00:00,VASHINAKA,19.033417,72.89629
960,6:00:00,15:00:00,MIRA ROAD,19.2871393,72.8688419
961,6:00:00,15:00:00,DHARAVI,19.0402084,72.8508504
962,6:00:00,15:00:00,KOPARKHAIRANE,19.1616388,72.9964269
963,6:00:00,15:00:00,BHAYANDAR (E),19.3056009,72.8593755
964,6:00:00,15:00:00,THANE (W),19.2444738,72.9814877
966,6:00:00,15:00:00,THANE (W),19.2444738,72.9814877
967,6:00:00,15:00:00,AIROLI,19.157935,72.9934762
968,6:00:00,15:00:00,VILE PARLE (W),19.1102949,72.8409693
969,6:00:00,15:00:00,AIROLI,19.157935,72.9934762
970,6:00:00,15:00:00,DHARAVI,19.0402084,72.8508504
971,6:00:00,15:00:00,GHANSOLI,19.1253629,72.9992013
973,6:00:00,15:00:00,SEWREE,18.9985832,72.8547291
974,6:00:00,15:00:00,KINGS CIRCLE,19.0264175,72.8557531
975,6:00:00,15:00:00,NERUL (W),19.0355766,73.0228173
976,6:00:00,15:00:00,POWAI,19.1196773,72.9050809
977,6:00:00,15:00:00,VASHI,19.0770644,72.9989925
979,6:00:00,15:00:00,DAHISAR (W),19.2564386,72.8546344
982,6:00:00,15:00:00,GOVANDI,19.0535444,72.9239095
983,6:00:00,15:00:00,GHATKOPAR (W),19.0908063,72.9076669
985,6:00:00,15:00:00,SION (E),19.0351454,72.8663173
986,6:00:00,15:00:00,MULUND (W),19.1725542,72.942537
987,6:00:00,15:00:00,ANDHERI (E),19.1154908,72.8726952
988,6:00:00,15:00:00,MAROL,19.107807,72.879824
989,6:00:00,15:00:00,MIRA ROAD,19.2871393,72.8688419
990,6:00:00,15:00:00,VILE PARLE (E),19.0963781,72.8563994
991,6:00:00,15:00:00,BHANDUP (W),19.1509879,72.9315251
992,6:00:00,15:00:00,GHATKOPAR (E),19.0796375,72.9070116
993,6:00:00,15:00:00,THANE (W),19.2444738,72.9814877
994,6:00:00,15:00:00,VILE PARLE (E),19.0963781,72.8563994
995,6:00:00,15:00:00,VILE PARLE (E),19.0963781,72.8563994
996,6:00:00,15:00:00,POWAI,19.1196773,72.9050809
997,6:00:00,15:00:00,THANE (W),19.2444738,72.9814877
998,6:00:00,15:00:00,ANDHERI (W),19.1363246,72.82766
999,6:00:00,15:00:00,KALWA,19.1943854,72.9992013
1000,6:00:00,15:00:00,MULUND (W),19.1725542,72.942537
1002,6:00:00,15:00:00,VASAI (W),19.3666371,72.8160976
1003,6:00:00,15:00:00,GHANSOLI,19.1253629,72.9992013
1006,6:00:00,15:00:00,MALAD (W),19.1827551,72.8401539
1008,6:00:00,16:00:00,KALWA,19.1943854,72.9992013
1009,18:00:00,3:00:00,MIRA ROAD,19.2871393,72.8688419
1010,18:00:00,3:00:00,VASAI (W),19.3666371,72.8160976
1011,18:00:00,3:00:00,GHODBUNDER ROAD,19.2420502,72.9757786
1012,18:00:00,3:00:00,THANE (W),19.2444738,72.9814877
1013,18:00:00,3:00:00,ANDHERI (E),19.1154908,72.8726952
1014,18:00:00,3:00:00,VASAI (W),19.3666371,72.8160976
1015,18:00:00,3:00:00,SANTACRUZ (E),19.07937,72.8562596
1016,18:00:00,3:00:00,MIRA ROAD,19.2871393,72.8688419
1017,18:00:00,3:00:00,WADALA,19.0151285,72.8580644
1018,18:00:00,3:00:00,ANDHERI (W),19.1363246,72.82766
1019,18:00:00,3:00:00,MIRA ROAD,19.2871393,72.8688419
1020,18:00:00,3:00:00,MALAD (W),19.1827551,72.8401539
1021,18:00:00,3:00:00,KANJURMARG (W) ,19.1326909,72.9254251
1022,18:00:00,3:00:00,MALAD (W),19.1827551,72.8401539
1023,18:00:00,3:00:00,UTTAN,19.2683186,72.8101887
1024,18:00:00,3:00:00,GHANSOLI,19.1253629,72.9992013
1025,18:00:00,3:00:00,ANDHERI (W),19.1363246,72.82766
1026,18:00:00,3:00:00,GHATKOPAR (W),19.0908063,72.9076669
1027,18:00:00,3:00:00,GOREGAON (W),19.1629338,72.839241
1028,18:00:00,3:00:00,BHANDUP (W),19.1509879,72.9315251
1029,18:00:00,3:00:00,BORIVALI (W),19.2461644,72.8509056
1030,18:00:00,3:00:00,MIRA ROAD,19.2871393,72.8688419
1032,18:00:00,3:00:00,MANKHURD,19.0558482,72.9281589
1033,18:00:00,3:00:00,BYCULLA (W),18.9760704,72.8311503
1034,18:00:00,3:00:00,BANDRA (E),19.060516,72.850432
1035,18:00:00,3:00:00,KANDIVALI (W),19.1998211,72.842594
1036,18:00:00,3:00:00,GHODBUNDER ROAD,19.2420502,72.9757786
1037,18:00:00,3:00:00,MIRA ROAD,19.2871393,72.8688419
1038,18:00:00,3:00:00,BHAYANDAR (W),19.3017788,72.8502601
1039,18:00:00,3:00:00,ANDHERI (E),19.1154908,72.8726952
1040,18:00:00,3:00:00,SANTACRUZ (E),19.07937,72.8562596
1041,18:00:00,3:00:00,JOGESHWARI (W),19.1405116,72.8421555
1042,18:00:00,3:00:00,SAKINAKA,19.0948958,72.8865248
1043,18:00:00,3:00:00,ANDHERI (W),19.1363246,72.82766
1044,18:00:00,3:00:00,NAIGAON (E),19.0109822,72.8463784
1045,18:00:00,3:00:00,GOREGAON (E),19.1551485,72.8678551
1046,18:00:00,3:00:00,NAIGAON (W),19.3510983,72.8338234
1047,18:00:00,3:00:00,GHATKOPAR (W),19.0908063,72.9076669
1048,18:00:00,3:00:00,DAHISAR (E),19.2539332,72.8672448
1049,18:00:00,3:00:00,DIGHA,19.1758594,73.0001639
1050,18:00:00,3:00:00,KALWA,19.1943854,72.9992013
1051,18:00:00,3:00:00,VASAI (W),19.3666371,72.8160976
1052,18:00:00,3:00:00,DHARAVI,19.0402084,72.8508504
1053,18:00:00,3:00:00,NERUL (W),19.0355766,73.0228173
1054,18:00:00,3:00:00,BHANDUP (W),19.1509879,72.9315251
1055,18:00:00,3:00:00,VIKHROLI (E),19.091182,72.9208636
1056,18:00:00,3:00:00,WADALA,19.0151285,72.8580644
1057,18:00:00,3:00:00,GHANSOLI,19.1253629,72.9992013
1058,18:00:00,3:00:00,POWAI,19.1196773,72.9050809
1059,18:00:00,3:00:00,KURLA (W),19.0707532,72.8781322
1060,18:00:00,3:00:00,MATUNGA (E),19.0268747,72.8553352
1061,18:00:00,3:00:00,GOREGAON (W),19.1629338,72.839241
1062,18:00:00,3:00:00,JUI NAGAR ,19.0506956,73.0154376
1063,18:00:00,3:00:00,KOPARKHAIRANE,19.1616388,72.9964269
1064,18:00:00,3:00:00,MULUND (W),19.1725542,72.942537
1065,18:00:00,3:00:00,MATUNGA (E),19.0268747,72.8553352
1066,18:00:00,3:00:00,KOPARKHAIRANE,19.1616388,72.9964269
1067,18:00:00,3:00:00,KALWA,19.1943854,72.9992013
1068,18:00:00,3:00:00,KHAR (E),19.0716597,72.8439889
1069,18:00:00,3:00:00,THANE (W),19.2444738,72.9814877
1070,18:00:00,3:00:00,MULUND (W),19.1725542,72.942537
1071,18:00:00,3:00:00,KALWA,19.1943854,72.9992013
1072,18:00:00,3:00:00,MIRA ROAD,19.2871393,72.8688419
1073,18:00:00,3:00:00,MAHIM (W),19.032012,72.8401043
1074,18:00:00,3:00:00,THANE (W),19.2444738,72.9814877
1075,18:00:00,3:00:00,KURLA (W),19.0707532,72.8781322
1076,18:00:00,3:00:00,MULUND (W),19.1725542,72.942537
1077,18:00:00,3:00:00,SANPADA,19.0330488,73.0296625
1078,18:00:00,3:00:00,VIKHROLI (E),19.091182,72.9208636
1079,18:00:00,3:00:00,GHANSOLI,19.1253629,72.9992013
1080,18:00:00,3:00:00,DIGHA,19.1758594,73.0001639
1081,18:00:00,3:00:00,WADALA,19.0151285,72.8580644
1082,18:00:00,3:00:00,THANE (W),19.2444738,72.9814877
1083,18:00:00,3:00:00,AIROLI,19.157935,72.9934762
1084,18:00:00,3:00:00,NAIGOAN (W),19.3510983,72.8338234
1085,18:00:00,3:00:00,G.T.B NAGAR,19.0357936,72.8655789
1086,18:00:00,3:00:00,KOPARKHAIRANE,19.1616388,72.9964269
1087,18:00:00,3:00:00,THANE (W),19.2444738,72.9814877
1088,18:00:00,3:00:00,THANE (W),19.2444738,72.9814877
1089,18:00:00,3:00:00,KURLA (W),19.0707532,72.8781322
1090,18:00:00,3:00:00,MIRA ROAD,19.2871393,72.8688419
1091,18:00:00,3:00:00,MAHIM (W),19.032012,72.8401043
1092,18:00:00,3:00:00,DHARAVI,19.0402084,72.8508504
1093,18:00:00,3:00:00,KANDIVALI (W),19.1998211,72.842594
1094,18:00:00,3:00:00,NAIGAON (W),19.3510983,72.8338234
1095,18:00:00,3:00:00,BHAYANDAR (E),19.3056009,72.8593755
1096,18:00:00,3:00:00,BHANDUP (W),19.1509879,72.9315251
1097,18:00:00,3:00:00,BHANDUP (W),19.1509879,72.9315251
1098,18:00:00,3:00:00,GHANSOLI,19.1253629,72.9992013
1099,18:00:00,3:00:00,THANE (W),19.2444738,72.9814877
1100,18:00:00,3:00:00,BHANDUP (W),19.1509879,72.9315251
1101,18:00:00,3:00:00,VASAI (E),19.3942114,72.8633635
1102,18:00:00,3:00:00,THANE (E),19.1780429,72.9785353
1103,18:00:00,3:00:00,CHEMBUR,19.0327996,72.8963568
1104,18:00:00,3:00:00,KURLA (W),19.0707532,72.8781322
1105,18:00:00,3:00:00,ANDHERI (E),19.1154908,72.8726952
1106,18:00:00,3:00:00,KALWA,19.1943854,72.9992013
1107,18:00:00,3:00:00,KURLA (E),19.0620527,72.8834355
1108,18:00:00,3:00:00,GHATKOPAR (W),19.0908063,72.9076669
1109,18:00:00,3:00:00,THANE (W),19.2444738,72.9814877
1110,18:00:00,3:00:00,BANDRA (E),19.060516,72.850432
1111,18:00:00,3:00:00,DHARAVI,19.0402084,72.8508504
1112,18:00:00,3:00:00,JOGESHWARI (E),19.136976,72.854292
1113,18:00:00,3:00:00,MIRA ROAD,19.2871393,72.8688419
1114,18:00:00,3:00:00,VASAI (E),19.3942114,72.8633635
1115,18:00:00,3:00:00,THANE (W),19.2444738,72.9814877
1116,18:00:00,3:00:00,THANE (W),19.2444738,72.9814877
1117,18:00:00,3:00:00,WADALA,19.0151285,72.8580644
1118,18:00:00,3:00:00,THANE (W),19.2444738,72.9814877
1119,18:00:00,3:00:00,BHANDUP (W),19.1509879,72.9315251
1120,18:00:00,3:00:00,KANJURMARG (E),19.1316889,72.9351934
1121,18:00:00,3:00:00,GHANSOLI,19.1253629,72.9992013
1122,18:00:00,3:00:00,THANE (W),19.2444738,72.9814877
1123,18:00:00,3:00:00,THANE (W),19.2444738,72.9814877
1124,18:00:00,3:00:00,MALAD (W),19.1827551,72.8401539
1125,18:00:00,3:00:00,MALAD (W),19.1827551,72.8401539
1126,18:00:00,3:00:00,KURLA (W),19.0707532,72.8781322
1127,18:00:00,3:00:00,DHARAVI,19.0402084,72.8508504
1128,18:00:00,3:00:00,GHODBUNDER ROAD,19.2420502,72.9757786
1129,18:00:00,3:00:00,KURLA (W),19.0707532,72.8781322
1130,18:00:00,3:00:00,AIROLI,19.157935,72.9934762
1131,18:00:00,3:00:00,MALAD (E),19.1808735,72.8574558
1132,18:00:00,3:00:00,MALAD (W),19.1827551,72.8401539
1133,18:00:00,3:00:00,ANDHERI (E),19.1154908,72.8726952
1134,18:00:00,3:00:00,ANDHERI (E),19.1154908,72.8726952
1135,18:00:00,3:00:00,MAHIM (W),19.032012,72.8401043
1136,18:00:00,3:00:00,WORLI,18.9872015,72.8290456
1137,18:00:00,3:00:00,MULUND (W),19.1725542,72.942537
1138,18:00:00,3:00:00,MALAD (W),19.1827551,72.8401539
1139,18:00:00,3:00:00,GHODBUNDER ROAD,19.2420502,72.9757786
1140,18:00:00,3:00:00,ANDHERI (E),19.1154908,72.8726952
1141,18:00:00,3:00:00,MIRA ROAD,19.2871393,72.8688419
1142,18:00:00,3:00:00,BHANDUP (W),19.1509879,72.9315251
1143,18:00:00,3:00:00,ANDHERI (E),19.1154908,72.8726952
1144,18:00:00,3:00:00,THANE (W),19.2444738,72.9814877
1145,18:00:00,3:00:00,VASHI,19.0770644,72.9989925
1146,18:00:00,3:00:00,POWAI,19.1196773,72.9050809
1147,18:00:00,3:00:00,WORLI,18.9872015,72.8290456
1148,18:00:00,3:00:00,THANE (W),19.2444738,72.9814877
1149,18:00:00,3:00:00,MAHIM (W),19.032012,72.8401043
1150,18:00:00,3:00:00,THANE (W),19.2444738,72.9814877
1151,18:00:00,3:00:00,KOPRI,19.179211,72.970399
1152,18:00:00,3:00:00,KOPARKHAIRANE,19.1616388,72.9964269
1153,18:00:00,3:00:00,NAIGAON (E),19.0109822,72.8463784
1154,18:00:00,3:00:00,KURLA (W),19.0707532,72.8781322
1155,18:00:00,3:00:00,ANDHERI (W),19.1363246,72.82766
1156,18:00:00,3:00:00,TARDEO,18.9681499,72.8122442
1157,18:00:00,3:00:00,WORLI,18.9872015,72.8290456
1158,18:00:00,3:00:00,MASJID BUNDER,18.9506004,72.8382547
1159,18:00:00,3:00:00,BHANDUP (W),19.1509879,72.9315251
1160,18:00:00,3:00:00,MULUND (W),19.1725542,72.942537
1161,18:00:00,3:00:00,BORIVALI (W),19.2461644,72.8509056
1162,18:00:00,3:00:00,BHANDUP (W),19.1509879,72.9315251
1163,18:00:00,3:00:00,BHAYANDAR (W),19.3017788,72.8502601
1164,18:00:00,3:00:00,BORIVALI (W),19.2461644,72.8509056
1165,18:00:00,3:00:00,MIRA ROAD,19.2871393,72.8688419
1166,18:00:00,3:00:00,SANTACRUZ (E),19.07937,72.8562596
1167,18:00:00,3:00:00,SANPADA,19.0330488,73.0296625
1168,18:00:00,3:00:00,ANDHERI (W),19.1363246,72.82766
1169,18:00:00,3:00:00,DHARAVI,19.0402084,72.8508504
1170,18:00:00,3:00:00,VASAI (W),19.3666371,72.8160976
1171,18:00:00,3:00:00,VASAI (W),19.3666371,72.8160976
1172,18:00:00,3:00:00,VASAI (W),19.3666371,72.8160976
1173,18:00:00,3:00:00,GHODBUNDER ROAD,19.2420502,72.9757786
1174,18:00:00,3:00:00,VIKHROLI (W),19.112681,72.9208636
1175,18:00:00,3:00:00,ANDHERI (E),19.1154908,72.8726952
1176,18:00:00,3:00:00,ANDHERI (E),19.1154908,72.8726952
1177,18:00:00,3:00:00,ANDHERI (E),19.1154908,72.8726952
1178,18:00:00,3:00:00,MALAD (W),19.1827551,72.8401539
1179,18:00:00,3:00:00,MULUND (W),19.1725542,72.942537
1180,18:00:00,3:00:00,AIROLI,19.157935,72.9934762
1181,18:00:00,3:00:00,ANDHERI (E),19.1154908,72.8726952
1182,18:00:00,3:00:00,MULUND (W),19.1725542,72.942537
1183,18:00:00,3:00:00,GHATKOPAR (W),19.0908063,72.9076669
1184,18:00:00,3:00:00,BORIVALI (W),19.2461644,72.8509056
1185,18:00:00,3:00:00,ANDHERI (W),19.1363246,72.82766
1186,18:00:00,3:00:00,ANTOPHILL,19.0283439,72.869804
1187,18:00:00,3:00:00,BHAYANDAR (E),19.3056009,72.8593755
1188,18:00:00,3:00:00,VASAI (E),19.3942114,72.8633635
1189,18:00:00,3:00:00,AIROLI,19.157935,72.9934762
1190,18:00:00,3:00:00,VASAI (E),19.3942114,72.8633635
1191,18:00:00,3:00:00,KANDIVALI (W),19.1998211,72.842594
1192,18:00:00,3:00:00,WORLI,18.9872015,72.8290456
1193,18:00:00,3:00:00,MULUND (W),19.1725542,72.942537
1194,18:00:00,3:00:00,DAHISAR (E),19.2539332,72.8672448
1195,18:00:00,3:00:00,SANDHURST STATION,18.9609765,72.8393633
1196,18:00:00,3:00:00,THANE (W),19.2444738,72.9814877
1197,18:00:00,3:00:00,THANE (W),19.2444738,72.9814877
1198,18:00:00,3:00:00,CHANDIVALI,19.1074911,72.9017603
1199,18:00:00,3:00:00,KANDIVALI (W),19.1998211,72.842594
1200,18:00:00,3:00:00,THANE (W),19.2444738,72.9814877
1201,18:00:00,3:00:00,MALAD (E),19.1808735,72.8574558
1202,18:00:00,3:00:00,BHAYANDAR (E),19.3056009,72.8593755
1203,18:00:00,3:00:00,GIRGAON,18.9572287,72.8196689
1204,18:00:00,3:00:00,MIRA ROAD,19.2871393,72.8688419
1205,18:00:00,3:00:00,MIRA ROAD,19.2871393,72.8688419
1206,18:00:00,3:00:00,SANPADA,19.0330488,73.0296625
1207,18:00:00,3:00:00,MIRA ROAD,19.2871393,72.8688419
1208,18:00:00,3:00:00,GHANSOLI,19.1253629,72.9992013
1209,18:00:00,3:00:00,DAHISAR (E),19.2539332,72.8672448
1210,18:00:00,3:00:00,SANPADA,19.0330488,73.0296625
1211,18:00:00,3:00:00,VASAI (W),19.3666371,72.8160976
1212,18:00:00,3:00:00,KALWA,19.1943854,72.9992013
1213,18:00:00,3:00:00,THANE (W),19.2444738,72.9814877
1214,18:00:00,3:00:00,BHAYANDAR (E),19.3056009,72.8593755
1215,18:00:00,3:00:00,THANE (W),19.2444738,72.9814877
1216,18:00:00,3:00:00,KOPARKHAIRANE,19.1616388,72.9964269
1217,18:00:00,3:00:00,BHAYANDAR (E),19.3056009,72.8593755
1218,18:00:00,3:00:00,THANE (W),19.2444738,72.9814877
1219,18:00:00,3:00:00,JOGESHWARI (E),19.136976,72.854292
1220,18:00:00,3:00:00,AIROLI,19.157935,72.9934762
1221,18:00:00,3:00:00,KURLA (E),19.0620527,72.8834355
1222,18:00:00,3:00:00,GHATKOPAR (E),19.0796375,72.9070116
1223,18:00:00,3:00:00,AIROLI,19.157935,72.9934762
1224,18:00:00,3:00:00,BHAYANDAR (W),19.3017788,72.8502601
1225,18:00:00,3:00:00,MIRA ROAD,19.2871393,72.8688419
1226,18:00:00,3:00:00,THANE (W),19.2444738,72.9814877
1227,18:00:00,3:00:00,SANTACRUZ (W),19.0815087,72.8376755
1228,18:00:00,3:00:00,KHAR (W),19.0716903,72.8341267
1229,18:00:00,3:00:00,THANE (W),19.2444738,72.9814877
1230,18:00:00,3:00:00,THANE (W),19.2444738,72.9814877
1231,18:00:00,3:00:00,MALAD (W),19.1827551,72.8401539
1232,18:00:00,3:00:00,GHODBUNDER ROAD,19.2420502,72.9757786
1233,18:00:00,3:00:00,BANDRA (E),19.060516,72.850432
1234,18:00:00,3:00:00,DAHISAR (E),19.2539332,72.8672448
1235,18:00:00,3:00:00,THANE (W),19.2444738,72.9814877
1236,18:00:00,3:00:00,MIRA ROAD,19.2871393,72.8688419
1237,18:00:00,3:00:00,MIRA ROAD,19.2871393,72.8688419
1238,18:00:00,3:00:00,ANDHERI (E),19.1154908,72.8726952
1239,18:00:00,3:00:00,ANDHERI (E),19.1154908,72.8726952
1240,18:00:00,3:00:00,SANTACRUZ (E),19.07937,72.8562596
1241,18:00:00,3:00:00,SAKINAKA,19.0948958,72.8865248
1242,18:00:00,3:00:00,JOGESHWARI (E),19.136976,72.854292
1243,18:00:00,3:00:00,VIKHROLI (W),19.112681,72.9208636
1244,18:00:00,3:00:00,DONGRI,18.9597509,72.837815
1245,18:00:00,3:00:00,ANDHERI (W),19.1363246,72.82766
1246,18:00:00,3:00:00,GOVANDI,19.0535444,72.9239095
1247,18:00:00,3:00:00,AIROLI,19.157935,72.9934762
1248,18:00:00,3:00:00,CHEMBUR,19.0327996,72.8963568
1249,18:00:00,3:00:00,THANE (W),19.2444738,72.9814877
1250,18:00:00,3:00:00,AIROLI,19.157935,72.9934762
1251,18:00:00,3:00:00,KURLA (E),19.0620527,72.8834355
1252,18:00:00,3:00:00,CHEMBUR,19.0327996,72.8963568
1253,18:00:00,3:00:00,VASAI (E),19.3942114,72.8633635
1254,18:00:00,3:00:00,THANE (W),19.2444738,72.9814877
1255,18:00:00,3:00:00,VIKHROLI (W),19.112681,72.9208636
1256,18:00:00,3:00:00,AIROLI,19.157935,72.9934762
1257,18:00:00,3:00:00,DHARAVI,19.0402084,72.8508504
1258,18:00:00,3:00:00,NERUL (W),19.0355766,73.0228173
1259,18:00:00,3:00:00,KOPARKHAIRANE,19.1616388,72.9964269
1260,18:00:00,3:00:00,VASAI (W),19.3666371,72.8160976
1261,18:00:00,3:00:00,ANDHERI (W),19.1363246,72.82766
1262,18:00:00,3:00:00,NERUL (E),19.0355766,73.0228173
1263,18:00:00,3:00:00,THANE (W),19.2444738,72.9814877
1264,18:00:00,3:00:00,ANDHERI (W),19.1363246,72.82766
1265,18:00:00,3:00:00,COLABA,18.9067031,72.8147123
1266,18:00:00,3:00:00,KURLA (W),19.0707532,72.8781322
1267,18:00:00,3:00:00,KURLA (W),19.0707532,72.8781322
1268,18:00:00,3:00:00,BORIVALI (W),19.2461644,72.8509056
1269,18:00:00,3:00:00,GHATKOPAR (W),19.0908063,72.9076669
1270,18:00:00,3:00:00,MASJID BUNDER,18.9506004,72.8382547
1271,18:00:00,3:00:00,MIRA ROAD,19.2871393,72.8688419
1272,18:00:00,3:00:00,MALAD (W),19.1827551,72.8401539
1273,18:00:00,3:00:00,DAHISAR (W),19.2564386,72.8546344
1274,18:00:00,3:00:00,MULUND (E),19.1565109,72.9637728
1276,18:00:00,3:00:00,KHAR (W),19.0716903,72.8341267
1277,18:00:00,3:00:00,GHATKOPAR (W),19.0908063,72.9076669
1278,18:00:00,3:00:00,VASAI (E),19.3942114,72.8633635
1279,18:00:00,3:00:00,GOREGAON (W),19.1629338,72.839241
1280,18:00:00,3:00:00,THANE (W),19.2444738,72.9814877
1281,18:00:00,3:00:00,KURLA (W),19.0707532,72.8781322
1282,18:00:00,3:00:00,KURLA (W),19.0707532,72.8781322
1283,18:00:00,3:00:00,MIRA ROAD,19.2871393,72.8688419
1284,18:00:00,3:00:00,GOREGAON (E),19.1551485,72.8678551
1285,18:00:00,3:00:00,VASAI (W),19.3666371,72.8160976
1286,18:00:00,3:00:00,SANTACRUZ (E),19.07937,72.8562596
1287,18:00:00,3:00:00,BORIVALI (E),19.2240612,72.8666469
1288,18:00:00,3:00:00,THANE (W),19.2444738,72.9814877
1289,18:00:00,3:00:00,ANDHERI (E),19.1154908,72.8726952
1290,18:00:00,3:00:00,PEDDAR ROAD ,18.97142,72.80943
1291,18:00:00,3:00:00,KOPARKHAIRANE,19.1616388,72.9964269
1292,18:00:00,3:00:00,MIRA ROAD,19.2871393,72.8688419
1293,18:00:00,3:00:00,MAZGAON,18.9718388,72.8436024
1294,18:00:00,3:00:00,MIRA ROAD,19.2871393,72.8688419
1295,18:00:00,3:00:00,MALAD (W),19.1827551,72.8401539
1296,18:00:00,3:00:00,KANDIVALI (W),19.1998211,72.842594
1297,18:00:00,3:00:00,GHODBUNDER ROAD,19.2420502,72.9757786
1298,18:00:00,3:00:00,MIRA ROAD,19.2871393,72.8688419
1299,18:00:00,3:00:00,THANE (W),19.2444738,72.9814877
1300,18:00:00,3:00:00,THANE (W),19.2444738,72.9814877
1301,18:00:00,3:00:00,UTTAN,19.2683186,72.8101887
1302,18:00:00,3:00:00,VASAI (W),19.3666371,72.8160976
1303,18:00:00,3:00:00,CHEMBUR,19.0327996,72.8963568
1304,18:00:00,3:00:00,DAHISAR (W),19.2564386,72.8546344
1305,18:00:00,3:00:00,MIRA ROAD,19.2871393,72.8688419
1306,18:00:00,3:00:00,BORIVALI (W),19.2461644,72.8509056
1307,18:00:00,3:00:00,BHAYANDAR (E),19.3056009,72.8593755
1309,18:00:00,3:00:00,GHODBUNDER ROAD,19.2420502,72.9757786
1310,18:00:00,3:00:00,MIRA ROAD,19.2871393,72.8688419
1311,18:00:00,3:00:00,KOPARKHAIRANE,19.1616388,72.9964269
1312,18:00:00,3:00:00,BORIVALI (W),19.2461644,72.8509056
1313,18:00:00,3:00:00,BANDRA (W),19.0606917,72.8362497
1314,18:00:00,3:00:00,MIRA ROAD,19.2871393,72.8688419
1315,18:00:00,3:00:00,MULUND (W),19.1725542,72.942537
1316,18:00:00,3:00:00,SAKINAKA,19.0948958,72.8865248
1317,18:00:00,3:00:00,MIRA ROAD,19.2871393,72.8688419
1318,18:00:00,3:00:00,VASAI (W),19.3666371,72.8160976
1319,18:00:00,3:00:00,POWAI,19.1196773,72.9050809
1320,18:00:00,3:00:00,BORIVALI (W),19.2461644,72.8509056
1321,18:00:00,3:00:00,DHARAVI,19.0402084,72.8508504
1322,18:00:00,3:00:00,VIKHROLI (E),19.091182,72.9208636
1323,18:00:00,3:00:00,KANDIVALI (E),19.20212,72.856186
1324,18:00:00,3:00:00,POWAI,19.1196773,72.9050809
1325,18:00:00,3:00:00,BYCULLA (W),18.9760704,72.8311503
1326,18:00:00,3:00:00,POWAI,19.1196773,72.9050809
1327,18:00:00,3:00:00,ANDHERI (E),19.1154908,72.8726952
1328,18:00:00,3:00:00,WADALA,19.0151285,72.8580644
1329,18:00:00,3:00:00,DAHISAR (E),19.2539332,72.8672448
1330,18:00:00,3:00:00,JOGESHWARI (W),19.1405116,72.8421555
1331,18:00:00,3:00:00,ANDHERI (E),19.1154908,72.8726952
1332,18:00:00,3:00:00,KOPARKHAIRANE,19.1616388,72.9964269
1333,18:00:00,3:00:00,MAHIM (W),19.032012,72.8401043
1334,18:00:00,3:00:00,ANDHERI (E),19.1154908,72.8726952
1335,18:00:00,3:00:00,MALAD (W),19.1827551,72.8401539
1336,18:00:00,3:00:00,DADAR (E),19.0099129,72.8426858
1337,18:00:00,3:00:00,ANDHERI (E),19.1154908,72.8726952
1338,18:00:00,3:00:00,THANE (W),19.2444738,72.9814877
1339,18:00:00,3:00:00,GHODBUNDER ROAD,19.2420502,72.9757786
1340,18:00:00,3:00:00,MALAD (W),19.1827551,72.8401539
1341,18:00:00,3:00:00,BORIVALI (W),19.2461644,72.8509056
1342,18:00:00,3:00:00,SANPADA,19.0330488,73.0296625
1343,18:00:00,3:00:00,AIROLI,19.157935,72.9934762
1344,18:00:00,3:00:00,JOGESHWARI (E),19.136976,72.854292
1345,18:00:00,3:00:00,KURLA (W),19.0707532,72.8781322
1346,18:00:00,3:00:00,DAHISAR (E),19.2539332,72.8672448
1347,18:00:00,3:00:00,GHANSOLI,19.1253629,72.9992013
1348,18:00:00,3:00:00,CHANDIVALI,19.1074911,72.9017603
1349,18:00:00,3:00:00,GHANSOLI,19.1253629,72.9992013
1350,18:00:00,3:00:00,MIRA ROAD,19.2871393,72.8688419
1351,18:00:00,3:00:00,KOPARKHAIRANE,19.1616388,72.9964269
1352,18:00:00,3:00:00,JOGESHWARI (E),19.136976,72.854292
1353,18:00:00,3:00:00,TARDEO,18.9681499,72.8122442
1354,18:00:00,3:00:00,DAHISAR (W),19.2564386,72.8546344
1355,18:00:00,3:00:00,KANJURMARG (E),19.1316889,72.9351934
1356,18:00:00,3:00:00,THANE (W),19.2444738,72.9814877
1357,18:00:00,3:00:00,NAIGAON DADAR,19.0109822,72.8463784
1358,18:00:00,3:00:00,BHAYANDAR (E),19.3056009,72.8593755
1359,18:00:00,3:00:00,VASAI (W),19.3666371,72.8160976
1360,18:00:00,3:00:00,GHODBUNDER ROAD,19.2420502,72.9757786
1361,18:00:00,3:00:00,SAKINAKA,19.0948958,72.8865248
1362,18:00:00,3:00:00,GHATKOPAR (E),19.0796375,72.9070116
1363,18:00:00,3:00:00,GOREGAON (E),19.1551485,72.8678551
1364,18:00:00,3:00:00,GHATKOPAR (W),19.0908063,72.9076669
1365,18:00:00,3:00:00,VASAI (W),19.3666371,72.8160976
1366,18:00:00,3:00:00,ANDHERI (E),19.1154908,72.8726952
1367,18:00:00,3:00:00,GOREGAON (W),19.1629338,72.839241
1368,18:00:00,3:00:00,SAKINAKA,19.0948958,72.8865248
1369,18:00:00,3:00:00,GOVANDI,19.0535444,72.9239095
1370,18:00:00,3:00:00,THANE (W),19.2444738,72.9814877
1371,18:00:00,3:00:00,THANE (W),19.2444738,72.9814877
1372,18:00:00,3:00:00,LOWER PAREL,19.0021567,72.8415793
1373,18:00:00,3:00:00,SANTACRUZ (E),19.07937,72.8562596
1374,18:00:00,3:00:00,BORIVALI (E),19.2240612,72.8666469
1375,18:00:00,3:00:00,SAKINAKA,19.0948958,72.8865248
1376,18:00:00,3:00:00,ANDHERI (E),19.1154908,72.8726952
1377,18:00:00,3:00:00,PAREL,19.0021567,72.8415793
1378,18:00:00,3:00:00,GOREGAON (E),19.1551485,72.8678551
1379,18:00:00,3:00:00,TROMBAY,19.0137721,72.8953023
1380,18:00:00,3:00:00,ANDHERI (W),19.1363246,72.82766
1382,18:00:00,3:00:00,CHANDIVALI,19.1074911,72.9017603
1383,18:00:00,3:00:00,SANTACRUZ (E),19.07937,72.8562596
1384,18:00:00,3:00:00,KALWA,19.1943854,72.9992013
1385,18:00:00,3:00:00,KALWA,19.1943854,72.9992013
1386,18:00:00,3:00:00,VASAI (E),19.3942114,72.8633635
1387,18:00:00,3:00:00,ANDHERI (E),19.1154908,72.8726952
1388,18:00:00,3:00:00,VIKHROLI (W),19.112681,72.9208636
1389,18:00:00,3:00:00,ANDHERI (E),19.1154908,72.8726952
1390,18:00:00,3:00:00,GHATKOPAR (W),19.0908063,72.9076669
1391,18:00:00,3:00:00,ANDHERI (W),19.1363246,72.82766
1392,18:00:00,3:00:00,ANDHERI (W),19.1363246,72.82766
1393,18:00:00,3:00:00,VIKHROLI (E),19.091182,72.9208636
1394,18:00:00,3:00:00,MAZGAON,18.9718388,72.8436024
1395,18:00:00,3:00:00,VASAI (E),19.3942114,72.8633635
1396,18:00:00,3:00:00,MIRA ROAD,19.2871393,72.8688419
1397,18:00:00,3:00:00,SAKINAKA,19.0948958,72.8865248
1399,18:00:00,3:00:00,MIRA ROAD,19.2871393,72.8688419
1400,18:00:00,4:00:00,GHODBUNDER ROAD,19.2420502,72.9757786
1401,18:00:00,4:00:00,AIROLI,19.157935,72.9934762
1402,18:00:00,4:00:00,DIGHA,19.1758594,73.0001639
1404,18:00:00,4:00:00,VASAI (E),19.3942114,72.8633635
1405,18:00:00,4:00:00,MIRA ROAD,19.2871393,72.8688419
1406,18:00:00,4:00:00,MIRA ROAD,19.2871393,72.8688419
1407,18:00:00,4:00:00,VASAI (E),19.3942114,72.8633635
1408,18:00:00,4:00:00,BHANDUP (W),19.1509879,72.9315251
1409,18:00:00,4:00:00,POWAI,19.1196773,72.9050809
1410,18:00:00,4:00:00,THANE (W),19.2444738,72.9814877
1411,18:00:00,4:00:00,KOPARKHAIRANE,19.1616388,72.9964269
1412,18:00:00,4:00:00,TROMBAY,19.0137721,72.8953023
1413,18:00:00,4:00:00,VIKHROLI (E),19.091182,72.9208636
1415,18:00:00,4:00:00,ANDHERI (E),19.1154908,72.8726952
1416,18:00:00,4:00:00,MANKHURD,19.0558482,72.9281589
1419,18:00:00,4:00:00,VIKHROLI (W),19.112681,72.9208636
1420,18:00:00,4:00:00,VIKHROLI (E),19.091182,72.9208636
1421,18:00:00,4:00:00,NAIGAON (E),19.0109822,72.8463784
1422,18:00:00,4:00:00,THANE (W),19.2444738,72.9814877
1423,18:00:00,4:00:00,SEAWOODS,19.0094224,73.0198654
1424,18:00:00,4:00:00,THANE (W),19.2444738,72.9814877
1425,18:00:00,4:00:00,VASAI (W),19.3666371,72.8160976
1426,18:00:00,4:00:00,VIKHROLI (W),19.112681,72.9208636
1427,18:00:00,4:00:00,DHARAVI,19.0402084,72.8508504
1429,18:00:00,4:00:00,DAHISAR (E),19.2539332,72.8672448
1430,18:00:00,4:00:00,ANDHERI (W),19.1363246,72.82766
1432,18:00:00,4:00:00,THANE (W),19.2444738,72.9814877
1434,18:00:00,4:00:00,KANDIVALI (W),19.1998211,72.842594
1435,18:00:00,4:00:00,WADALA,19.0151285,72.8580644
1436,18:00:00,4:00:00,BHANDUP (W),19.1509879,72.9315251
1437,18:00:00,4:00:00,ANDHERI (E),19.1154908,72.8726952
1438,18:00:00,4:00:00,VASAI (W),19.3666371,72.8160976
1439,18:00:00,4:00:00,GHODBUNDER ROAD,19.2420502,72.9757786
1440,18:00:00,4:00:00,GHATKOPAR (W),19.0908063,72.9076669
1442,18:00:00,4:00:00,GHATKOPAR (E),19.0796375,72.9070116
1443,18:00:00,4:00:00,BORIVALI (W),19.2461644,72.8509056
1444,19:00:00,4:00:00,THANE (W),19.2444738,72.9814877
1445,19:00:00,4:00:00,ANDHERI (E),19.1154908,72.8726952
1447,19:00:00,4:00:00,THANE (W),19.2444738,72.9814877
1448,19:00:00,4:00:00,WADALA,19.0151285,72.8580644
1449,19:00:00,4:00:00,KANDIVALI (W),19.1998211,72.842594
1451,19:00:00,4:00:00,MULUND (W),19.1725542,72.942537
1452,19:00:00,4:00:00,AIROLI,19.157935,72.9934762
1453,19:00:00,4:00:00,DAHISAR (E),19.2539332,72.8672448
1454,19:00:00,4:00:00,SANTACRUZ (E),19.07937,72.8562596
1455,19:00:00,4:00:00,DAHISAR (W),19.2564386,72.8546344
1458,19:00:00,4:00:00,VASAI (E),19.3942114,72.8633635
1462,19:00:00,4:00:00,CBD BELAPUR,19.0300657,73.0351138
1466,19:00:00,4:00:00,SAKINAKA,19.0948958,72.8865248
1471,19:00:00,4:00:00,CBD BELAPUR,19.0300657,73.0351138
1474,19:00:00,4:00:00,THANE (W),19.2444738,72.9814877
1475,19:00:00,4:00:00,ANDHERI (W),19.1363246,72.82766
1476,19:00:00,4:00:00,VASAI (E),19.3942114,72.8633635
1477,19:00:00,4:00:00,ANDHERI (E),19.1154908,72.8726952
1478,19:00:00,4:00:00,SION (E),19.0351454,72.8663173
1479,19:00:00,4:00:00,KANDIVALI (W),19.1998211,72.842594
1480,19:00:00,4:00:00,VASAI (E),19.3942114,72.8633635
1481,19:00:00,4:00:00,MIRA ROAD,19.2871393,72.8688419
1482,19:00:00,4:00:00,GHODBUNDER ROAD,19.2420502,72.9757786
1483,19:00:00,4:00:00,MALAD (W),19.1827551,72.8401539
1484,19:00:00,4:00:00,ANDHERI (E),19.1154908,72.8726952
1485,19:00:00,4:00:00,ANDHERI (E),19.1154908,72.8726952
1486,19:00:00,4:00:00,MIRA ROAD,19.2871393,72.8688419
1487,19:00:00,4:00:00,ANDHERI (W),19.1363246,72.82766
1488,19:00:00,4:00:00,GHANSOLI,19.1253629,72.9992013
1491,19:00:00,4:00:00,MIRA ROAD,19.2871393,72.8688419
1497,19:00:00,4:00:00,GOVANDI,19.0535444,72.9239095
1500,19:00:00,4:00:00,MIRA ROAD STATION,19.2871393,72.8688419
1505,19:00:00,4:00:00,NAIGAON (W),19.3510983,72.8338234
1528,19:00:00,4:00:00,ANDHERI (E),19.1154908,72.8726952
1529,19:00:00,4:00:00,GOREGAON (E),19.1551485,72.8678551
1530,19:00:00,4:00:00,GHATKOPAR (E),19.0796375,72.9070116
1531,19:00:00,4:00:00,ANDHERI (E),19.1154908,72.8726952
1532,19:00:00,4:00:00,VIKHROLI (E),19.091182,72.9208636
1533,19:00:00,4:00:00,VASAI (E),19.3942114,72.8633635
1534,19:00:00,4:00:00,KANDIVALI (W),19.1998211,72.842594
1535,19:00:00,4:00:00,KURLA (W),19.0707532,72.8781322
1538,19:00:00,4:00:00,VASAI (W),19.3666371,72.8160976
1539,19:00:00,4:00:00,AIROLI,19.157935,72.9934762
1540,19:00:00,4:00:00,MIRA ROAD,19.2871393,72.8688419
1541,19:00:00,4:00:00,VASAI (W),19.3666371,72.8160976
1542,19:00:00,4:00:00,MAZGAON,18.9718388,72.8436024
1543,19:00:00,4:00:00,MALAD (E),19.1808735,72.8574558
1544,19:00:00,4:00:00,THANE (W),19.2444738,72.9814877
1545,19:00:00,4:00:00,TROMBAY,19.0137721,72.8953023
1546,19:00:00,4:00:00,MULUND (W),19.1725542,72.942537
1547,19:00:00,4:00:00,ANDHERI (E),19.1154908,72.8726952
1549,19:00:00,4:00:00,BHANDUP (E),19.1465032,72.9459841
1551,19:00:00,4:00:00,GHATKOPAR (E),19.0796375,72.9070116
1552,19:00:00,4:00:00,BORIVALI (E),19.2240612,72.8666469
1553,19:00:00,4:00:00,BORIVALI (W),19.2461644,72.8509056
1555,19:00:00,4:00:00,ANDHERI (W),19.1363246,72.82766
1556,19:00:00,4:00:00,VIKHROLI (E),19.091182,72.9208636
1557,19:00:00,4:00:00,ANDHERI (E),19.1154908,72.8726952
1558,19:00:00,4:00:00,SAKINAKA,19.0948958,72.8865248
1559,19:00:00,4:00:00,MALAD (W),19.1827551,72.8401539
1560,19:00:00,4:00:00,BORIVALI (W),19.2461644,72.8509056
1561,19:00:00,4:00:00,THANE (W),19.2444738,72.9814877
1562,19:00:00,4:00:00,JOGESHWARI (E),19.136976,72.854292
1566,19:00:00,4:00:00,ANDHERI (W),19.1363246,72.82766
1569,19:00:00,4:00:00,MIRA ROAD,19.2871393,72.8688419
1570,19:00:00,4:00:00,KANJURMARG (E),19.1316889,72.9351934
1571,19:00:00,4:00:00,BORIVALI (W),19.2461644,72.8509056
1572,19:00:00,4:00:00,BHAYANDAR (E),19.3056009,72.8593755
1573,19:00:00,4:00:00,KOPARKHAIRANE,19.1616388,72.9964269
1574,19:00:00,4:00:00,MULUND (E),19.1565109,72.9637728
1575,19:00:00,4:00:00,GOREGAON (E),19.1551485,72.8678551
1576,19:00:00,4:00:00,ANDHERI (E),19.1154908,72.8726952
1578,19:00:00,4:00:00,MAHIM (W),19.032012,72.8401043
1583,19:00:00,4:00:00,ANDHERI (E),19.1154908,72.8726952
1584,19:00:00,4:00:00,BHANDUP (E),19.1465032,72.9459841
1587,19:00:00,4:00:00,CBD BELAPUR,19.0300657,73.0351138
1588,19:00:00,4:00:00,MIRA ROAD,19.2871393,72.8688419
1589,19:00:00,4:00:00,BHAYANDAR (E),19.3056009,72.8593755
1591,19:00:00,4:00:00,KALWA,19.1943854,72.9992013
1592,19:00:00,4:00:00,JOGESHWARI (E),19.136976,72.854292
1593,19:00:00,4:00:00,SAKINAKA,19.0948958,72.8865248
1594,19:00:00,4:00:00,SEAWOODS,19.0094224,73.0198654
1595,19:00:00,4:00:00,GHANSOLI,19.1253629,72.9992013
1596,19:00:00,4:00:00,VASAI (E),19.3942114,72.8633635
1597,19:00:00,4:00:00,SANTACRUZ (E),19.07937,72.8562596
1598,19:00:00,4:00:00,MIRA ROAD STATION,19.2871393,72.8688419
1599,19:00:00,4:00:00,KANDIVALI (W),19.1998211,72.842594
1601,19:00:00,4:00:00,ANDHERI (E),19.1154908,72.8726952
1602,19:00:00,4:00:00,G.T.B NAGAR,19.0357936,72.8655789
1603,19:00:00,4:00:00,VASAI (E),19.3942114,72.8633635
1604,19:00:00,4:00:00,GHODBUNDER ROAD,19.2420502,72.9757786
1605,19:00:00,4:00:00,BORIVALI (W),19.2461644,72.8509056
1606,19:00:00,4:00:00,VASAI (E),19.3942114,72.8633635
1607,19:00:00,4:00:00,THANE (W),19.2444738,72.9814877
1609,19:00:00,4:00:00,MIRA ROAD,19.2871393,72.8688419
1610,19:00:00,4:00:00,GOREGAON (W),19.1629338,72.839241
1611,19:00:00,4:00:00,VASAI (W),19.3666371,72.8160976
1612,19:00:00,4:00:00,POWAI,19.1196773,72.9050809
1613,19:00:00,4:00:00,KANDIVALI (E),19.20212,72.856186
1614,19:00:00,4:00:00,BHANDUP (W),19.1509879,72.9315251
1615,19:00:00,4:00:00,MIRA ROAD,19.2871393,72.8688419
1616,19:00:00,4:00:00,VASAI (W),19.3666371,72.8160976
1618,19:00:00,4:00:00,CBD BELAPUR,19.0300657,73.0351138
1619,19:00:00,4:00:00,VASAI (W),19.3666371,72.8160976
1620,19:00:00,4:00:00,VASAI (W),19.3666371,72.8160976
1621,19:00:00,4:00:00,ANDHERI (E),19.1154908,72.8726952
1622,19:00:00,4:00:00,AIROLI,19.157935,72.9934762
1623,19:00:00,4:00:00,VASAI (W),19.3666371,72.8160976
1624,19:00:00,4:00:00,ANDHERI (W),19.1363246,72.82766
1626,19:00:00,4:00:00,ANDHERI (E),19.1154908,72.8726952
1627,19:00:00,4:00:00,KANJURMARG (W) ,19.1326909,72.9254251
1628,19:00:00,4:00:00,GHODBUNDER ROAD,19.2420502,72.9757786
1629,19:00:00,4:00:00,SANTACRUZ (E),19.07937,72.8562596
1630,19:00:00,4:00:00,ANDHERI (E),19.1154908,72.8726952
1631,19:00:00,4:00:00,THANE (W),19.2444738,72.9814877
1632,19:00:00,4:00:00,KOPARKHAIRANE,19.1616388,72.9964269
1633,19:00:00,4:00:00,ANDHERI (E),19.1154908,72.8726952
1634,19:00:00,4:00:00,GOREGAON (E),19.1551485,72.8678551
1635,19:00:00,4:00:00,GHATKOPAR (W),19.0908063,72.9076669
1636,19:00:00,4:00:00,VASAI (W),19.3666371,72.8160976
1637,19:00:00,4:00:00,VASAI (E),19.3942114,72.8633635
1638,19:00:00,4:00:00,JOGESHWARI (W),19.1405116,72.8421555
1641,19:00:00,4:00:00,KOPARKHAIRANE,19.1616388,72.9964269
1642,19:00:00,4:00:00,MIRA ROAD,19.2871393,72.8688419
1643,19:00:00,4:00:00,MIRA ROAD,19.2871393,72.8688419
1644,19:00:00,4:00:00,GHATKOPAR (W),19.0908063,72.9076669
1645,19:00:00,4:00:00,BHAYANDAR (W),19.3017788,72.8502601
1646,19:00:00,4:00:00,BHAYANDAR (W),19.3017788,72.8502601
1647,19:00:00,4:00:00,MASJID BUNDER,18.9506004,72.8382547
1648,19:00:00,4:00:00,SAKINAKA,19.0948958,72.8865248
1649,19:00:00,4:00:00,GOREGAON (W),19.1629338,72.839241
1650,19:00:00,4:00:00,AGRIPADA,18.97643,72.82734
1651,19:00:00,4:00:00,MIRA ROAD,19.2871393,72.8688419
1653,19:00:00,4:00:00,BORIVALI (W),19.2461644,72.8509056
1655,19:00:00,4:00:00,KURLA (W),19.0707532,72.8781322
1656,19:00:00,4:00:00,ANDHERI (W),19.1363246,72.82766
1657,19:00:00,4:00:00,VIKHROLI (E),19.091182,72.9208636
1658,19:00:00,4:00:00,MALAD (W),19.1827551,72.8401539
1661,19:00:00,4:00:00,ANDHERI (E),19.1154908,72.8726952
1662,19:00:00,4:00:00,CHEMBUR,19.0327996,72.8963568
1663,19:00:00,4:00:00,VIKHROLI (E),19.091182,72.9208636
1664,19:00:00,4:00:00,AIROLI,19.157935,72.9934762
1665,19:00:00,4:00:00,MALAD (W),19.1827551,72.8401539
1666,19:00:00,4:00:00,KHAR (E),19.0716597,72.8439889
1667,19:00:00,4:00:00,MIRA ROAD,19.2871393,72.8688419
1668,19:00:00,4:00:00,CHANDIVALI,19.1074911,72.9017603
1669,19:00:00,4:00:00,BANDRA (W),19.0606917,72.8362497
1670,19:00:00,4:00:00,ANDHERI (E),19.1154908,72.8726952
1671,19:00:00,4:00:00,KURLA (E),19.0620527,72.8834355
1672,19:00:00,4:00:00,VASAI (W),19.3666371,72.8160976
1674,19:00:00,4:00:00,KOPARKHAIRANE,19.1616388,72.9964269
1675,19:00:00,4:00:00,MIRA ROAD,19.2871393,72.8688419
1680,19:00:00,4:00:00,GAMDEVI ,18.957379,72.812928
1681,19:00:00,4:00:00,MAHIM (W),19.032012,72.8401043
1683,19:00:00,4:00:00,BHAYANDAR (E),19.3056009,72.8593755
1684,19:00:00,4:00:00,MAHIM (W),19.032012,72.8401043
1685,19:00:00,4:00:00,GOREGAON (W),19.1629338,72.839241
1686,19:00:00,4:00:00,SANTACRUZ (W),19.0815087,72.8376755
1687,19:00:00,4:00:00,POWAI,19.1196773,72.9050809
1688,19:00:00,4:00:00,MIRA ROAD,19.2871393,72.8688419
1689,19:00:00,4:00:00,MAZGAON,18.9718388,72.8436024
1691,19:00:00,4:00:00,VASAI (W),19.3666371,72.8160976
1692,19:00:00,4:00:00,NAIGAON (W),19.3510983,72.8338234
1693,19:00:00,4:00:00,SANTACRUZ (E),19.07937,72.8562596
1694,19:00:00,4:00:00,VASAI (W),19.3666371,72.8160976
1695,19:00:00,4:00:00,SAKINAKA,19.0948958,72.8865248
1696,19:00:00,4:00:00,AIROLI,19.157935,72.9934762
1698,19:00:00,4:00:00,KANDIVALI (W),19.1998211,72.842594
1700,19:00:00,4:00:00,TARDEO,18.9681499,72.8122442
1701,19:00:00,4:00:00,NAIGAON (W),19.3510983,72.8338234
1702,19:00:00,4:00:00,KANDIVALI (W),19.1998211,72.842594
1703,19:00:00,4:00:00,BHANDUP (W),19.1509879,72.9315251
1704,19:00:00,4:00:00,PAREL,19.0021567,72.8415793
1705,19:00:00,4:00:00,VASAI (W),19.3666371,72.8160976
1707,19:00:00,4:00:00,MULUND (W),19.1725542,72.942537
1708,19:00:00,4:00:00,CBD BELAPUR,19.0300657,73.0351138
1709,19:00:00,4:00:00,REAY ROAD,18.9775943,72.8440444
1710,19:00:00,4:00:00,MIRA ROAD,19.2871393,72.8688419
1711,19:00:00,4:00:00,THANE (W),19.2444738,72.9814877
1712,19:00:00,4:00:00,BORIVALI (W),19.2461644,72.8509056
1713,19:00:00,4:00:00,SANTACRUZ (E),19.07937,72.8562596
1714,19:00:00,4:00:00,BHAYANDAR (E),19.3056009,72.8593755
1715,19:00:00,4:00:00,MALAD (W),19.1827551,72.8401539
1716,19:00:00,4:00:00,KANDIVALI (W),19.1998211,72.842594
1717,19:00:00,4:00:00,MIRA ROAD,19.2871393,72.8688419
1718,19:00:00,4:00:00,ANDHERI (W),19.1363246,72.82766
1719,19:00:00,4:00:00,SANTACRUZ (E),19.07937,72.8562596
1720,19:00:00,4:00:00,BHAYANDAR (E),19.3056009,72.8593755
1722,19:00:00,4:00:00,MATUNGA (W),19.0268747,72.8553352
1723,19:00:00,4:00:00,THANE (W),19.2444738,72.9814877
1724,19:00:00,4:00:00,ANDHERI (W),19.1363246,72.82766
1725,19:00:00,4:00:00,DAHISAR (W),19.2564386,72.8546344
1726,19:00:00,4:00:00,KANDIVALI (E),19.20212,72.856186
1728,19:00:00,4:00:00,MALAD (W),19.1827551,72.8401539
1729,19:00:00,4:00:00,MALAD (W),19.1827551,72.8401539
1730,19:00:00,4:00:00,MAHIM (W),19.032012,72.8401043
1731,19:00:00,4:00:00,BHAYANDAR (E),19.3056009,72.8593755
1732,19:00:00,4:00:00,VASHI,19.0770644,72.9989925
1733,19:00:00,4:00:00,GHATKOPAR (W),19.0908063,72.9076669
1734,19:00:00,4:00:00,GHATKOPAR (W),19.0908063,72.9076669
1735,19:00:00,4:00:00,VASAI (W),19.3666371,72.8160976
1737,19:00:00,4:00:00,GHATKOPAR (W),19.0908063,72.9076669
1739,19:00:00,4:00:00,MIRA ROAD,19.2871393,72.8688419
1740,19:00:00,4:00:00,ANDHERI (E),19.1154908,72.8726952
1742,19:00:00,4:00:00,BORIVALI (E),19.2240612,72.8666469
1743,19:00:00,4:00:00,JOGESHWARI (W),19.1405116,72.8421555
1745,19:00:00,4:00:00,KANDIVALI (E),19.20212,72.856186
1746,19:00:00,4:00:00,MIRA ROAD,19.2871393,72.8688419
1747,19:00:00,4:00:00,ANDHERI (W),19.1363246,72.82766
1750,19:00:00,4:00:00,ANDHERI (W),19.1363246,72.82766
1753,19:00:00,4:00:00,ANDHERI (E),19.1154908,72.8726952
1755,19:00:00,4:00:00,MAROL,19.107807,72.879824
1756,19:00:00,4:00:00,MALAD (E),19.1808735,72.8574558
1758,19:00:00,4:00:00,ANDHERI (E),19.1154908,72.8726952
1759,19:00:00,4:00:00,SION (E),19.0351454,72.8663173
1760,19:00:00,4:00:00,KANJURMARG (W) ,19.1326909,72.9254251
1761,19:00:00,4:00:00,GHATKOPAR (W),19.0908063,72.9076669
1764,19:00:00,4:00:00,THANE (W),19.2444738,72.9814877
1765,19:00:00,4:00:00,SAKINAKA,19.0948958,72.8865248
1766,19:00:00,4:00:00,MIRA ROAD,19.2871393,72.8688419
1767,19:00:00,4:00:00,KANDIVALI (W),19.1998211,72.842594
1768,19:00:00,4:00:00,ANDHERI (W),19.1363246,72.82766
1769,19:00:00,4:00:00,PAREL,19.0021567,72.8415793
1770,19:00:00,4:00:00,JOGESHWARI (E),19.136976,72.854292
1772,19:00:00,4:00:00,KANDIVALI (W),19.1998211,72.842594
1773,19:00:00,4:00:00,PRABHADEVI,19.0158466,72.8279973
1774,19:00:00,4:00:00,THANE (W),19.2444738,72.9814877
1776,19:00:00,4:00:00,MULUND (W),19.1725542,72.942537
1777,19:00:00,4:00:00,BHIWANDI,19.2812547,73.0482912
1781,19:00:00,4:00:00,THANE (W),19.2444738,72.9814877
1783,19:00:00,4:00:00,DAHISAR (E),19.2539332,72.8672448
1784,19:00:00,4:00:00,VASAI (W),19.3666371,72.8160976
1785,19:00:00,4:00:00,DHARAVI,19.0402084,72.8508504
1786,19:00:00,4:00:00,GHODBUNDER ROAD,19.2420502,72.9757786
1787,19:00:00,4:00:00,MIRA ROAD,19.2871393,72.8688419
1788,19:00:00,4:00:00,MIRA ROAD,19.2871393,72.8688419
1789,19:00:00,4:00:00,SION (E),19.0351454,72.8663173
1790,19:00:00,4:00:00,AIROLI,19.157935,72.9934762
1791,19:00:00,4:00:00,THANE (W),19.2444738,72.9814877
1792,19:00:00,4:00:00,PRABHADEVI,19.0158466,72.8279973
1794,19:00:00,4:00:00,BHANDUP (W),19.1509879,72.9315251
1795,19:00:00,4:00:00,VASAI (E),19.3942114,72.8633635
1796,19:00:00,4:00:00,BHANDUP (W),19.1509879,72.9315251
1797,19:00:00,4:00:00,GHATKOPAR (W),19.0908063,72.9076669
1798,19:00:00,4:00:00,KOPARKHAIRANE,19.1616388,72.9964269
1799,19:00:00,4:00:00,ANDHERI (E),19.1154908,72.8726952
1800,19:00:00,4:00:00,POWAI,19.1196773,72.9050809
1802,19:00:00,4:00:00,MAROL,19.107807,72.879824
1803,19:00:00,4:00:00,ANDHERI (E),19.1154908,72.8726952
1804,19:00:00,4:00:00,SANGHARSH NAGAR,19.106408,72.902333
1805,19:00:00,4:00:00,BORIVALI (W),19.2461644,72.8509056
1807,19:00:00,4:00:00,GHATKOPAR (W),19.0908063,72.9076669
1809,19:00:00,4:00:00,KOPARKHAIRANE,19.1616388,72.9964269
1810,19:00:00,4:00:00,POWAI,19.1196773,72.9050809
1813,19:00:00,4:00:00,KOPARKHAIRANE,19.1616388,72.9964269
1815,19:00:00,4:00:00,DAHISAR (E),19.2539332,72.8672448
1816,19:00:00,4:00:00,GOREGAON (W),19.1629338,72.839241
1817,19:00:00,4:00:00,MAZGAON,18.9718388,72.8436024
1819,19:00:00,4:00:00,BORIVALI (E),19.2240612,72.8666469
1820,19:00:00,4:00:00,BORIVALI (W),19.2461644,72.8509056
1822,19:00:00,4:00:00,MALAD (W),19.1827551,72.8401539
1823,19:00:00,4:00:00,GOREGAON (W),19.1629338,72.839241
1824,19:00:00,4:00:00,DAHISAR (E),19.2539332,72.8672448
1825,19:00:00,4:00:00,BHAYANDAR (E),19.3056009,72.8593755
1826,19:00:00,4:00:00,VASAI (E),19.3942114,72.8633635
1827,19:00:00,4:00:00,ANDHERI (E),19.1154908,72.8726952
1828,19:00:00,4:00:00,THANE (W),19.2444738,72.9814877
1829,19:00:00,4:00:00,VILE PARLE (W),19.1102949,72.8409693
1831,19:00:00,4:00:00,MIRA ROAD,19.2871393,72.8688419
1832,19:00:00,4:00:00,SAKINAKA,19.0948958,72.8865248
1835,19:00:00,4:00:00,WORLI,18.9872015,72.8290456
1837,19:00:00,4:00:00,ANDHERI (E),19.1154908,72.8726952
1838,19:00:00,4:00:00,PAREL,19.0021567,72.8415793
1839,19:00:00,4:00:00,VASAI (E),19.3942114,72.8633635
1840,19:00:00,4:00:00,GOREGAON (E),19.1551485,72.8678551
1841,19:00:00,4:00:00,GHATKOPAR (W),19.0908063,72.9076669
1842,19:00:00,4:00:00,BHAYANDAR (W),19.3017788,72.8502601
1843,19:00:00,4:00:00,MAROL,19.107807,72.879824
1844,19:00:00,4:00:00,KURLA (W),19.0707532,72.8781322
1845,19:00:00,4:00:00,AIROLI,19.157935,72.9934762
1846,19:00:00,4:00:00,JOGESHWARI (W),19.1405116,72.8421555
1847,19:00:00,4:00:00,CHEMBUR,19.0327996,72.8963568
1848,9:00:00,18:00:00,SANTACRUZ (W),19.0815087,72.8376755
1849,9:00:00,18:00:00,DAHISAR (W),19.2564386,72.8546344
1850,9:00:00,18:00:00,BHANDUP (W),19.1509879,72.9315251
1851,9:00:00,18:00:00,BHAYANDAR (E),19.3056009,72.8593755
1852,9:00:00,18:00:00,MAHIM (W),19.032012,72.8401043
1854,9:00:00,18:00:00,VASAI (W),19.3666371,72.8160976
1855,9:00:00,18:00:00,VASAI (W),19.3666371,72.8160976
1857,9:00:00,18:00:00,ANDHERI (E),19.1154908,72.8726952
1858,9:00:00,18:00:00,GOREGAON (E),19.1551485,72.8678551
1859,9:00:00,18:00:00,KINGS CIRCLE,19.0264175,72.8557531
1861,9:00:00,18:00:00,CHANDIVALI,19.1074911,72.9017603
1862,9:00:00,18:00:00,MIRA ROAD,19.2871393,72.8688419
1865,9:00:00,18:00:00,KANDIVALI (W),19.1998211,72.842594
1866,9:00:00,18:00:00,BORIVALI (W),19.2461644,72.8509056
1867,9:00:00,18:00:00,DAHISAR (W),19.2564386,72.8546344
1868,9:00:00,18:00:00,KANDIVALI (E),19.20212,72.856186
1869,9:00:00,18:00:00,JOGESHWARI (E),19.136976,72.854292
1870,9:00:00,18:00:00,KOPARKHAIRANE,19.1616388,72.9964269
1872,9:00:00,18:00:00,DAHISAR (E),19.2539332,72.8672448
1873,9:00:00,18:00:00,BHANDUP (W),19.1509879,72.9315251
1874,9:00:00,18:00:00,KHAR (W),19.0716903,72.8341267
1875,9:00:00,18:00:00,ANDHERI (E),19.1154908,72.8726952
1877,9:00:00,18:00:00,BHANDUP (W),19.1509879,72.9315251
1878,9:00:00,18:00:00,CHEMBUR,19.0327996,72.8963568
1879,9:00:00,18:00:00,ANDHERI (E),19.1154908,72.8726952
1880,9:00:00,18:00:00,MALAD (W),19.1827551,72.8401539
1882,9:00:00,18:00:00,BHANDUP (W),19.1509879,72.9315251
1883,9:00:00,18:00:00,KANJURMARG (W) ,19.1326909,72.9254251
1884,9:00:00,18:00:00,THANE (W),19.2444738,72.9814877
1885,9:00:00,18:00:00,TARDEO,18.9681499,72.8122442
1886,9:00:00,18:00:00,GOREGAON (E),19.1551485,72.8678551
1889,9:00:00,18:00:00,KURLA (W),19.0707532,72.8781322
1890,9:00:00,18:00:00,VILE PARLE (W),19.1102949,72.8409693
1891,9:00:00,18:00:00,THANE (W),19.2444738,72.9814877
1892,9:00:00,18:00:00,KOPARKHAIRANE,19.1616388,72.9964269
1893,9:00:00,18:00:00,BHANDUP (W),19.1509879,72.9315251
1894,9:00:00,18:00:00,ANDHERI (E),19.1154908,72.8726952
1895,9:00:00,18:00:00,GOREGAON (E),19.1551485,72.8678551
1897,9:00:00,18:00:00,KANJURMARG (E),19.1316889,72.9351934
1898,9:00:00,18:00:00,VIKHROLI (E),19.091182,72.9208636
1899,9:00:00,18:00:00,JOGESHWARI (W),19.1405116,72.8421555
1900,9:00:00,18:00:00,ANDHERI (E),19.1154908,72.8726952
1901,9:00:00,18:00:00,BORIVALI (W),19.2461644,72.8509056
1902,9:00:00,18:00:00,KANDIVALI (W),19.1998211,72.842594
1903,9:00:00,18:00:00,SANTACRUZ (W),19.0815087,72.8376755
1905,9:00:00,18:00:00,PRABHADEVI,19.0158466,72.8279973
1906,9:00:00,18:00:00,VASAI (W),19.3666371,72.8160976
1908,9:00:00,18:00:00,MIRA ROAD,19.2871393,72.8688419
1909,9:00:00,18:00:00,BHAYANDAR (E),19.3056009,72.8593755
1910,9:00:00,18:00:00,VASHINAKA,19.033417,72.89629
1911,9:00:00,18:00:00,ANDHERI (E),19.1154908,72.8726952
1913,9:00:00,18:00:00,THANE (W),19.2444738,72.9814877
1914,9:00:00,18:00:00,KOPARKHAIRANE,19.1616388,72.9964269
1916,9:00:00,18:00:00,KANDIVALI (W),19.1998211,72.842594
1917,9:00:00,18:00:00,MULUND (E),19.1565109,72.9637728
1918,9:00:00,18:00:00,THANE (W),19.2444738,72.9814877
1919,9:00:00,18:00:00,AIROLI,19.157935,72.9934762
1920,9:00:00,18:00:00,VASAI (W),19.3666371,72.8160976
1921,9:00:00,18:00:00,KURLA (W),19.0707532,72.8781322
1922,9:00:00,18:00:00,MIRA ROAD,19.2871393,72.8688419
1923,9:00:00,18:00:00,THANE (W),19.2444738,72.9814877
1924,9:00:00,18:00:00,ANDHERI (E),19.1154908,72.8726952
1925,9:00:00,18:00:00,GOREGAON (E),19.1551485,72.8678551
1926,9:00:00,18:00:00,BYCULLA (E),18.9821993,72.8382547
1928,9:00:00,18:00:00,VIKHROLI (E),19.091182,72.9208636
1930,9:00:00,18:00:00,KHAR (E),19.0716597,72.8439889
1931,9:00:00,18:00:00,MASJID BUNDER,18.9506004,72.8382547
1932,9:00:00,18:00:00,SANTACRUZ (W),19.0815087,72.8376755
1933,9:00:00,18:00:00,THANE (W),19.2444738,72.9814877
1934,9:00:00,18:00:00,ANDHERI (E),19.1154908,72.8726952
1935,9:00:00,18:00:00,GHANSOLI,19.1253629,72.9992013
1936,9:00:00,18:00:00,THANE (W),19.2444738,72.9814877
1938,9:00:00,18:00:00,GHATKOPAR (E),19.0796375,72.9070116
1939,9:00:00,18:00:00,AIROLI,19.157935,72.9934762
1940,9:00:00,18:00:00,KURLA (W),19.0707532,72.8781322
1941,9:00:00,18:00:00,ANDHERI (E),19.1154908,72.8726952
1942,9:00:00,18:00:00,MIRA ROAD STATION,19.2871393,72.8688419
1943,9:00:00,18:00:00,ANDHERI (E),19.1154908,72.8726952
1944,9:00:00,18:00:00,ANDHERI (E),19.1154908,72.8726952
1945,9:00:00,18:00:00,THANE (W),19.2444738,72.9814877
1946,9:00:00,18:00:00,MULUND (W),19.1725542,72.942537
1947,9:00:00,18:00:00,MIRA ROAD,19.2871393,72.8688419
1948,9:00:00,18:00:00,THANE (W),19.2444738,72.9814877
1949,9:00:00,18:00:00,BHANDUP (W),19.1509879,72.9315251
1950,9:00:00,18:00:00,ANDHERI (W),19.1363246,72.82766
1951,9:00:00,18:00:00,BANDRA (E),19.060516,72.850432
1952,9:00:00,18:00:00,GRANT ROAD,18.9623513,72.8183134
1954,9:00:00,18:00:00,ANDHERI (E),19.1154908,72.8726952
1955,9:00:00,18:00:00,BORIVALI (W),19.2461644,72.8509056
1956,9:00:00,18:00:00,AIROLI,19.157935,72.9934762
1957,9:00:00,18:00:00,SEAWOODS,19.0094224,73.0198654
1960,9:00:00,18:00:00,POWAI,19.1196773,72.9050809
1961,9:00:00,18:00:00,SANTACRUZ (E),19.07937,72.8562596
1962,9:00:00,18:00:00,CHANDIVALI,19.1074911,72.9017603
1963,9:00:00,18:00:00,KOPARKHAIRANE,19.1616388,72.9964269
1964,9:00:00,18:00:00,VASAI (W),19.3666371,72.8160976
1965,9:00:00,18:00:00,LALBAUG,19.0497075,72.875917
1966,9:00:00,18:00:00,GHODBUNDER ROAD,19.2420502,72.9757786
1967,9:00:00,18:00:00,CHANDIVALI,19.1074911,72.9017603
1968,9:00:00,18:00:00,THANE (W),19.2444738,72.9814877
1971,9:00:00,18:00:00,ANDHERI (W),19.1363246,72.82766
1972,9:00:00,18:00:00,GOREGAON (E),19.1551485,72.8678551
1973,21:00:00,6:00:00,AIROLI,19.157935,72.9934762
1974,21:00:00,6:00:00,MARINE LINES,18.9430864,72.8271764
1975,21:00:00,6:00:00,DAHISAR (E),19.2539332,72.8672448
1976,21:00:00,6:00:00,GHATKOPAR (E),19.0796375,72.9070116
1977,21:00:00,6:00:00,RABALE,19.1463319,73.0080576
1978,21:00:00,6:00:00,GHODBUNDER ROAD,19.2420502,72.9757786
1980,21:00:00,6:00:00,MULUND (E),19.1565109,72.9637728
1981,21:00:00,6:00:00,BHAYANDAR (E),19.3056009,72.8593755
1982,21:00:00,6:00:00,MIRA ROAD,19.2871393,72.8688419
1984,21:00:00,6:00:00,VASAI (W),19.3666371,72.8160976
1986,21:00:00,6:00:00,GOREGAON (W),19.1629338,72.839241
1989,21:00:00,6:00:00,MULUND (W),19.1725542,72.942537
1990,21:00:00,6:00:00,TURBHE,19.0726786,73.0198654
1991,21:00:00,6:00:00,BORIVALI (W),19.2461644,72.8509056
1992,21:00:00,6:00:00,MALAD (W),19.1827551,72.8401539
1993,21:00:00,6:00:00,VASAI (E),19.3942114,72.8633635
1994,21:00:00,6:00:00,VASHI,19.0770644,72.9989925
1995,21:00:00,6:00:00,THANE (W),19.2444738,72.9814877
1996,21:00:00,6:00:00,BHAYANDAR (E),19.3056009,72.8593755
1997,21:00:00,6:00:00,AIROLI,19.157935,72.9934762
1998,21:00:00,6:00:00,POWAI,19.1196773,72.9050809
1999,21:00:00,6:00:00,THANE (W),19.2444738,72.9814877
2000,21:00:00,6:00:00,DAHISAR (E),19.2539332,72.8672448
2001,21:00:00,6:00:00,MIRA ROAD,19.2871393,72.8688419
2003,21:00:00,6:00:00,MULUND (W),19.1725542,72.942537
2004,21:00:00,6:00:00,ANTOPHILL,19.0283439,72.869804
2005,21:00:00,6:00:00,LOWER PAREL,19.0021567,72.8415793
2007,21:00:00,6:00:00,BORIVALI (W),19.2461644,72.8509056
2008,21:00:00,6:00:00,MIRA ROAD,19.2871393,72.8688419
2009,21:00:00,6:00:00,BORIVALI (W),19.2461644,72.8509056
2010,21:00:00,6:00:00,MALAD (W),19.1827551,72.8401539
2011,21:00:00,6:00:00,GHODBUNDER ROAD,19.2420502,72.9757786
2012,21:00:00,6:00:00,BORIVALI (E),19.2240612,72.8666469
2013,21:00:00,6:00:00,GHANSOLI,19.1253629,72.9992013
2014,21:00:00,6:00:00,CHINCHPOKLI ,18.9854394,72.834562
2015,21:00:00,6:00:00,AIROLI,19.157935,72.9934762
2016,21:00:00,6:00:00,BORIVALI (W),19.2461644,72.8509056
2017,21:00:00,6:00:00,BORIVALI (E),19.2240612,72.8666469
2018,21:00:00,6:00:00,SAKINAKA,19.0948958,72.8865248
2019,21:00:00,6:00:00,JOGESHWARI (E),19.136976,72.854292
2020,21:00:00,6:00:00,BHAYANDAR (W),19.3017788,72.8502601
2021,21:00:00,6:00:00,SEAWOODS,19.0094224,73.0198654
2022,21:00:00,6:00:00,AIROLI,19.157935,72.9934762
2023,21:00:00,6:00:00,GOREGAON (E),19.1551485,72.8678551
2024,21:00:00,6:00:00,CHEMBUR,19.0327996,72.8963568
2025,21:00:00,6:00:00,KURLA (E),19.0620527,72.8834355
